ff054ea3-22e0-4a23-a415-6cf0332e9473,234978794,2020-12-14T12:38:28.855Z,2020-12-14T12:38:28.855Z,1,這麼誇張喔,0,F
bc461ec6-f805-4f16-8d69-6380544829d8,234973560,2020-12-13T10:57:59.569Z,2020-12-13T10:57:59.569Z,1,帶地板撿到的紅包可以嗎🧧,1,M
7a8aa772-d9b7-434d-9eeb-2bb81ae0907b,234973560,2020-12-13T12:10:15.031Z,2020-12-13T12:10:22.699Z,2,b1 也是你ㄉ紅色配件🦆,0,M
6fdbfcf9-d813-4e56-9371-8669ffacb825,234971790,2020-12-13T05:23:40.018Z,2020-12-13T05:23:40.018Z,1,鬥啊,0,M
0779f02e-31e7-4b42-aa2b-69d861f5bd7a,234971790,2020-12-13T15:29:14.841Z,2020-12-13T15:29:14.841Z,2,直接械鬥,0,M
6dc28ebc-2fb3-4f85-bd02-7176354a0596,234970974,2020-12-13T04:14:39.744Z,2020-12-13T04:14:39.744Z,1,推嗎,0,F
a3e68278-0f0b-4ac6-a483-40afdd8dba63,234970974,2020-12-13T04:14:54.946Z,2020-12-13T04:14:54.946Z,2,B1 蛤ಠ_ಠ,0,F
26e116f6-73d9-4f11-a30a-1738d3a663f1,234970974,2020-12-13T04:15:59.157Z,2020-12-13T04:15:59.157Z,3,是好用的嗎B2,0,F
bdcbc669-a8df-4ea8-b339-c55910b54488,234970974,2020-12-13T04:16:15.221Z,2020-12-13T04:16:15.221Z,4,B3 對啊😹😹,0,F
bcd6866b-59b3-479d-821a-f1a00f0dad62,234970974,2020-12-13T05:08:39.357Z,2020-12-13T05:08:39.357Z,5,我要,0,F
c471626e-e42e-4671-8a24-f38a82a59da6,234970974,2020-12-13T05:52:04.236Z,2020-12-13T05:52:04.236Z,6,B5 好ㄛ！那什麼時候給你( ̀⌄ ́)我等等就在宿舍了看你約幾點,0,F
6fbb8e2b-c2ab-4a13-b650-836e190af536,234970974,2020-12-13T05:52:53.778Z,2020-12-13T05:52:53.778Z,7,我晚上才在宿舍，你是哪一舍,1,F
34549c81-f4c3-4b57-9159-c4698f1f1058,234970974,2020-12-14T05:31:00.179Z,2020-12-14T05:31:00.179Z,8,我也要我也要...！,0,F
dd658f19-206f-4777-94d7-06de1fa03bc1,234970974,2020-12-14T05:31:26.513Z,2020-12-14T05:31:26.513Z,9,嘿各位只有一個😹😹,0,F
57538cd1-10dd-4839-b5c6-0e4cfba83a28,234970974,2020-12-14T05:31:39.108Z,2020-12-14T05:31:39.108Z,10,我晚上有空密這邊！,0,F
8a0288b1-c721-4821-a282-a778ba1d6b85,234970974,2020-12-14T06:50:27.504Z,2020-12-14T06:50:27.504Z,11,真B7,0,F
352f23fd-dd3f-4b1f-b7b7-c668c3835a79,234970974,2020-12-14T07:38:05.039Z,2020-12-14T07:38:05.039Z,12,男生可以用嗎,0,M
76590088-98e6-44ea-b7f3-d0f575fb1628,234970974,2020-12-14T07:53:31.935Z,2020-12-14T07:53:31.935Z,13,我以為妳說買很多 哈哈哈😂,0,F
c4fe8483-ccee-4647-b181-57a073a0bf1b,234969707,2020-12-12T17:06:05.721Z,2020-12-12T17:06:05.721Z,1,隨便亂射,0,M
b67d5e90-d48e-42d1-89c4-17591be5adf1,234968998,2020-12-12T12:58:48.272Z,2020-12-12T12:58:48.272Z,1,2個人4500嗎,0,F
bb0f3b00-a1f9-4d8d-bf36-7227c9d9fb3e,234968998,2020-12-12T12:59:43.154Z,2020-12-12T12:59:43.154Z,2,B1 一個人啦XD,1,M
87860086-020b-4fcc-838d-130734ff0ef6,234968998,2020-12-12T13:19:40.729Z,2020-12-12T13:19:40.729Z,3,可以女生嗎,0,M
8c2bd143-c089-4d4f-b3c8-3b5771f2e5bc,234968998,2020-12-12T14:41:52.575Z,2020-12-12T14:41:52.575Z,4,幹嘛不住男宿啊,0,M
134fe058-3636-4660-aae0-54d1eb220e2f,234968998,2020-12-12T14:42:35.927Z,2020-12-12T14:42:35.927Z,5,B3 如果你不介意的話 歡迎,0,M
1656298a-7be5-4cb8-a6bc-919455f5bfdc,234968998,2020-12-12T14:43:13.167Z,2020-12-12T14:43:13.167Z,6,"B4 室友很髒 規定很多
不想學校看到討厭的同學
回宿舍還要在看一遍",2,M
f4793044-99dd-45cc-b0ca-cfc2299bba68,234968998,2020-12-12T15:09:57.815Z,2020-12-12T15:09:57.815Z,7,B6 你幾年級啊,0,M
02db2d19-c5ee-4de4-8ff9-0d54271b3b3b,234968998,2020-12-12T15:14:36.527Z,2020-12-12T15:14:36.527Z,8,"B7 2
你呢不會是我同學吧 怕））",0,M
aa58ce27-1ff1-434b-b220-1c10b35f3764,234968998,2020-12-12T15:15:31.148Z,2020-12-12T15:15:47.168Z,9,B8 如何聯絡你啊 你現在住幾樓,0,M
8d0de9ae-2525-43e6-9f5a-b5785b4d670c,234968998,2020-12-12T17:05:16.942Z,2020-12-12T17:05:16.942Z,10,可以嗎,0,M
af988cb4-7b0b-4e55-ba82-967cad73cfbe,234968998,2020-12-13T03:15:25.216Z,2020-12-13T03:15:25.216Z,11,我想要的話怎麼跟你聯絡,0,M
77c0d7cd-7339-44ce-8243-0043581713c3,234968998,2020-12-13T04:13:17.362Z,2020-12-13T04:13:17.362Z,12,啊有徵女生嗎🤣,0,F
7eda60ce-fc34-469b-8ca1-1c78627adb7a,234968998,2020-12-13T04:28:40.902Z,2020-12-13T04:28:40.902Z,13,+1,0,M
ca2fc426-8a17-43fd-8e6f-b332fde3694f,234968998,2020-12-13T07:01:00.661Z,2020-12-13T07:01:00.661Z,14,B12 如果你不介意的話,0,M
1980a9d4-54d0-4b8d-afb3-bb2c5f8795b9,234968998,2020-12-13T07:02:20.721Z,2020-12-13T07:02:20.721Z,15,B9 11,0,M
ef5c4dcd-3717-47e1-bfa7-4b2985cecf37,234968998,2020-12-13T07:46:23.549Z,2020-12-13T07:46:23.549Z,16,"請問原po是五專的嗎？ 
我也想搬出去可是怕原po是學長",3,M
2a76c035-593f-4aa1-aedf-cca84aceb00a,234968998,2020-12-13T08:24:03.253Z,2020-12-13T08:24:03.253Z,17,B15 11樓不是都一年級的嗎？你幾房啊,0,M
220a73ca-eebf-415c-a213-fe5b37d2b5b4,234968998,2020-12-13T08:41:42.657Z,2020-12-13T08:42:04.901Z,18,B16  他上面有回四二 住11樓 五專都在8樓,0,M
e490a34e-0c6b-4aa2-ae2b-5ec520017d38,234968998,2020-12-13T09:35:36.886Z,2020-12-13T09:35:53.742Z,19,,,
01b7316c-46bf-4c9e-9c16-37f9f70c8142,234968998,2020-12-13T11:07:10.108Z,2020-12-13T11:07:10.108Z,20,我才怕你們介意🤣B14,0,F
6bfd808f-383e-478c-837d-68e9842df037,234968998,2020-12-13T13:26:28.810Z,2020-12-13T13:26:28.810Z,21,你是11樓幾房 我有興趣,0,M
a4721c0d-5fbf-4d06-8ce7-db4e1d4ca93b,234968998,2020-12-13T15:23:56.182Z,2020-12-13T23:52:44.815Z,22,,,
f8051e58-4e3a-4254-a41c-d5d214a629c3,234968998,2020-12-14T05:31:28.103Z,2020-12-14T05:31:45.747Z,23,哪時候約呢？約男宿嗎？（問一下,0,M
d82576fa-dc90-4c13-9fb4-781acada3c9a,234968998,2020-12-14T05:42:08.700Z,2020-12-14T05:42:08.700Z,24,加一，行嗎？,0,M
030fdbfa-c4d5-4f61-841a-81743ba6c9f9,234968998,2020-12-14T12:16:33.047Z,2020-12-14T12:16:33.047Z,25,原po 有要出來回覆的意思？,0,M
31437867-2345-4904-9c0f-73d8eda19f34,234967265,2020-12-12T08:30:07.730Z,2020-12-12T08:30:07.730Z,1,問原po找到人了嗎,0,F
c982d268-ee07-4bfd-a2ae-123a281b5c4a,234967265,2020-12-12T08:31:04.616Z,2020-12-12T08:31:04.616Z,2,還沒~~,0,F
c01f0bc6-9f8f-41c7-93f6-9043fa6187dd,234967265,2020-12-12T10:55:14.734Z,2020-12-12T10:55:14.734Z,3,好喜歡最後一頁最後一雙,0,F
2a064a0b-053f-4d44-be26-5cc82dc0167e,234967265,2020-12-12T17:05:43.889Z,2020-12-12T17:05:43.889Z,4,沒有,0,M
d64352ca-d53b-45f5-bdb0-6464a6034053,234967265,2020-12-13T01:23:31.096Z,2020-12-13T01:23:31.096Z,5,才折100..,0,M
be10227a-0a98-49f1-8acf-db515d04fe04,234962802,2020-12-11T11:46:35.201Z,2020-12-11T11:46:35.201Z,1,"期中考的三二/二一是警示用
三二意思是本學期學分沒拿到三分之一的學分",1,M
102a8a15-3aad-4fc4-8f50-0b11fe5e90a0,234962802,2020-12-11T14:00:33.788Z,2020-12-11T14:00:33.788Z,2,B1 會被退學嗎,0,F
d0083004-6f28-466c-b60a-72e7ef8afd03,234962802,2020-12-11T14:07:36.039Z,2020-12-11T14:07:36.039Z,3,B2 一般情況是一次三二或連續二一才會被退學,0,M
5e0aadc6-6c8e-40fd-b090-5ed7f7e99ab3,234962802,2020-12-12T17:06:52.484Z,2020-12-12T17:06:52.484Z,4,B2 差不多了,0,M
d0435f1a-43c2-4e37-b657-b15beeb1d78c,234962079,2020-12-11T10:41:04.387Z,2020-12-11T10:41:04.387Z,1,各處室問,1,F
403aa45c-ac2c-4a29-a1cb-8ef26a7798a8,234962079,2020-12-11T14:05:10.496Z,2020-12-11T14:05:20.928Z,2,,,
2b3ca532-b576-4c35-916d-1305d181e1fa,234960347,2020-12-12T17:09:12.179Z,2020-12-12T17:09:12.179Z,1,乾你屁事,0,M
d90e95ee-85aa-4f82-8366-ed6e05708e77,234959079,2020-12-10T23:43:36.532Z,2020-12-10T23:43:36.532Z,1,可以檢舉！！可以！！！,0,F
4ebef508-649b-4348-aaf8-b40fb57c3c9e,234959079,2020-12-10T23:57:43.452Z,2020-12-10T23:57:43.452Z,2,管很寬，我有辦法進來你管得著？笑死,0,M
df6bb6a3-6374-4567-848a-1dce831420be,234959079,2020-12-11T00:13:47.899Z,2020-12-11T00:13:47.899Z,3,"B1 怎麼檢舉～～
B2 你停進來我管不著啊 
啊我要不要檢舉也不關你的屁事 白癡",0,M
a9e59627-512f-422a-9128-f5badc8d292a,234959079,2020-12-11T00:34:55.139Z,2020-12-11T00:34:55.139Z,4,"拍照給秋鳳教官檢舉,因為有可能是有些人有車證但沒有貼。",0,M
ab33187c-356a-4719-be83-1c861a24587e,234959079,2020-12-11T01:37:15.319Z,2020-12-11T01:37:37.331Z,5,我以為車位還超多 不會多走點路喔,0,M
b9636d01-d550-4602-ab09-2f7f0687b838,234959079,2020-12-11T03:15:46.481Z,2020-12-11T03:15:46.481Z,6,是不會要學校增設停車位喔？,0,M
c5431a0b-a275-4daf-9aaa-2d9b00400669,234959079,2020-12-11T13:45:22.593Z,2020-12-11T13:45:22.593Z,7,大一的騎什麼機車？,0,M
78a5a4ce-9af9-4932-990d-96dfd6497764,234959079,2020-12-11T16:11:06.707Z,2020-12-11T16:11:06.707Z,8,B7 你也憑什麼騎車,1,M
ae467310-411e-48c0-abd4-76e4a26dcf32,234959079,2020-12-12T07:00:17.980Z,2020-12-12T07:00:17.980Z,9,"超會跟車欸他們
真的很專業",0,F
64be503b-3aa7-4fbb-80a4-0c3060f5f322,234959079,2020-12-12T15:02:21.277Z,2020-12-12T15:02:21.277Z,10,大一猴騎什麼機車+1,0,M
f454f80d-edc4-4dcf-949f-ba06b9520ac2,234959079,2020-12-12T15:03:18.371Z,2020-12-12T15:03:18.371Z,11,B10大一爽啦！你就不要讓我騎呵呵,0,M
83162c82-cb98-4154-9fa5-22ed705761a3,234959079,2020-12-12T15:04:07.963Z,2020-12-12T15:04:07.963Z,12,狗憑什麼讀大學 ㄏㄏ,0,M
7bf4c1e9-25a4-4d52-b204-abe080ee8de5,234959079,2020-12-12T15:11:05.801Z,2020-12-12T15:11:05.801Z,13,B12 你一定是沒有被提告過,0,M
643f8c58-85a1-43c5-a47b-973f9186c337,234959079,2020-12-12T15:16:37.589Z,2020-12-12T15:16:37.589Z,14,技術不好不要騎,0,M
7e3b3425-8aad-4d37-933b-cf4a88f0ee0f,234959079,2020-12-12T15:21:09.817Z,2020-12-12T15:21:09.817Z,15,我都騎妹子,0,M
5c0e51e3-6a8f-4d11-83e0-6b7384d9d5d7,234959079,2020-12-12T19:36:15.432Z,2020-12-12T19:37:36.851Z,16,"沒標樓層對號入座可以告嗎 
主修法律副修護理的兄Dei",0,M
180805b8-94ee-4546-87a0-6f5abc09bdd6,234959079,2020-12-13T00:46:37.309Z,2020-12-13T00:46:37.309Z,17,小心被告,0,M
f5e7c137-ff39-4357-9460-128bc92d2257,234959079,2020-12-14T16:13:53.199Z,2020-12-14T16:13:53.199Z,18,"我也是跟車
但我有車證只是懶得刷⋯

而且一堆車在排隊
每台車都刷不就很久嗎🤔
跟車可以減少大家等待的時間欸",0,M
f584d388-0e6a-439e-b729-d351f0ffefb9,234959079,2020-12-14T16:25:14.799Z,2020-12-14T16:25:14.799Z,19,B18 我不是說宿舍啦 我說學校的,0,M
2e2119a3-eeba-4fca-b429-6777f82f90ef,234958512,2020-12-10T17:37:33.728Z,2020-12-10T17:37:40.816Z,1,演藝圈嗎,0,M
078fa584-03a9-41b4-81bb-deae94244512,234958512,2020-12-11T00:02:28.039Z,2020-12-11T00:02:28.039Z,2,有喔 但這裡很封閉喔，說出來很大機率會被排擠,0,M
25a342c6-4275-4967-a0ec-3d6e0789f5d7,234958512,2020-12-11T00:18:19.736Z,2020-12-13T04:40:58.030Z,3,小心會被自認為的好朋友出賣 然後寫匿名信到你家給你父母幫你出櫃,2,M
c9eba04c-4b10-4b68-8357-1079e528f1df,234958512,2020-12-11T00:31:44.489Z,2020-12-11T00:31:44.489Z,4,"B3 哇噻認真嗎⋯⋯太扯
B2 ：）⋯：（ 花蓮國慈科島
B1 你的頭貼很酷",0,F
6ff3507b-be08-434c-862f-738c56b99263,234958512,2020-12-11T11:40:01.975Z,2020-12-11T11:40:01.975Z,5,跟羅志祥嗎,0,M
208f5b11-ca7f-4d2e-beeb-98408d3a155b,234958512,2020-12-12T01:44:06.570Z,2020-12-12T01:44:06.570Z,6,有啊！很明顯的,0,M
3a274c3e-02ed-4f4a-b76f-d6eebe7650db,234958512,2020-12-12T17:08:26.457Z,2020-12-12T17:09:17.959Z,7,B3 很好奇是做了什麼 要這樣逼人家出櫃 相愛錯了嗎??,0,F
0213d216-f632-4972-a79a-a7ab350c91a2,234958512,2020-12-13T01:16:47.711Z,2020-12-13T01:16:47.711Z,8,"B7 所以才可怕


https://www.dcard.tw/f/rainbow/p/234750988?cid=4C5B06F2-5E59-4F8D-92A7-122A71C11F29",0,M
15b5bc61-1668-4578-aa73-b999fdf96ac9,234958512,2020-12-13T01:51:28.162Z,2020-12-13T01:54:31.535Z,9,,,
b0648175-f4f7-4a27-b714-f2c784238ffb,234958512,2020-12-14T03:00:00.366Z,2020-12-14T03:00:14.659Z,10,,,
a2f30da9-6e7c-4a45-93d1-9553ba9412bf,234958512,2020-12-14T03:00:26.975Z,2020-12-14T03:00:26.975Z,11,我大一！！( ´ ▽ ` )ﾉ,0,F
e280c067-dd5f-49ca-8630-a9264d7e5d02,234958512,2020-12-14T03:14:00.969Z,2020-12-14T03:14:05.721Z,12,,,
c65a78b4-e21f-463b-a169-9d8ef5e06978,234958512,2020-12-14T03:14:26.925Z,2020-12-14T03:14:26.925Z,13,B11 好像知道你是誰∠( ᐛ 」∠)＿,0,F
608812e3-1e75-4b7b-826b-21f51823f16a,234958512,2020-12-14T03:14:48.340Z,2020-12-14T03:14:48.340Z,14,B13 怎麼說😱,0,F
f27a317e-846b-4bd7-857b-87a2b4508526,234958512,2020-12-14T03:15:07.121Z,2020-12-14T03:15:07.121Z,15,B14 甲班ㄇ,0,F
d29a8ca4-56af-4828-8a0c-88439b776d55,234958512,2020-12-14T03:15:35.020Z,2020-12-14T03:15:35.020Z,16,B15 哎呀 可以問問你是誰嗎XD,0,F
d1c2917d-444c-492a-88b7-ca604e3365d9,234958512,2020-12-14T03:18:40.545Z,2020-12-14T03:18:40.545Z,17,B16 妳是 B11 嗎🤣,0,F
07f84b2a-15b5-49a4-afcf-93563fd2119d,234958512,2020-12-14T03:19:17.730Z,2020-12-14T03:19:17.730Z,18,B17 對哈哈哈但我忘了用標註,0,F
8ac04cfb-3d30-418f-839f-79c9012a0666,234958512,2020-12-14T03:20:19.730Z,2020-12-14T03:20:19.730Z,19,"B18 昨天下載某個平台
然後就發現我們學校的ㄟ٩(˃̶͈̀௰˂̶͈́)و",0,F
8751c190-f5f9-4ea5-8d83-c6073d4053e3,234958512,2020-12-14T03:27:32.724Z,2020-12-14T03:27:32.724Z,20,B19 喔喔！我應該可以知道是某個平台 但你是哪個😂,0,F
e9e2f4a9-5a8e-4e65-a404-c7ddc1047c11,234958512,2020-12-14T03:31:08.780Z,2020-12-14T03:31:08.780Z,21,"B20 那個東西按❤️看得到嗎？
我剛去按了٩(˃̶͈̀௰˂̶͈́)و",0,F
481cd15b-bf8d-42f0-ab6d-bbf70b0a61f5,234958512,2020-12-14T03:58:30.164Z,2020-12-14T03:58:30.164Z,22,B21 紅豆餅？,0,F
d7af747a-4692-494d-9d2b-f9344d348524,234958512,2020-12-14T04:08:25.693Z,2020-12-14T04:08:39.731Z,23,"B22 還真的是你！
對ㄉ對ㄉ",0,F
39ebb46b-61fb-4a4f-a651-fa7235793872,234958512,2020-12-14T04:12:15.728Z,2020-12-14T04:12:15.728Z,24,B23 耶來認親啊哈哈哈哈,0,F
d65e2a2d-6774-4768-acdb-9592375a80b1,234958512,2020-12-14T04:14:04.255Z,2020-12-14T04:14:04.255Z,25,B24 認親認起來٩(˃̶͈̀௰˂̶͈́)و,0,F
3bdf7c19-a753-4439-a7dc-53dfb844767e,234958362,2020-12-10T17:19:03.578Z,2020-12-10T17:19:03.578Z,1,我也是,0,F
11f734c3-d2b2-42f4-8a58-13625bec3cfc,234958362,2020-12-10T17:20:41.693Z,2020-12-10T17:20:41.693Z,2,上線,0,F
02cf7e72-7305-4201-8445-9d2eefb60677,234958362,2020-12-10T17:22:06.026Z,2020-12-10T17:22:06.026Z,3,去跟他比大聲啊,0,M
cc5a4674-0cfd-4404-b205-ca08e6989243,234958362,2020-12-10T17:22:42.812Z,2020-12-10T17:22:42.812Z,4,"真的很希望學校可以好好處理這件事欸
被吵醒真的讓人感覺很差",2,F
b764a830-74ba-47d4-b5dc-c77dd14d7817,234958362,2020-12-10T17:23:36.835Z,2020-12-10T17:23:36.835Z,5,B3 好奇頭貼怎麼換的，帥,0,F
4a26e24b-47bf-4a8e-82d8-a3a38e599126,234958362,2020-12-10T17:32:06.933Z,2020-12-10T17:32:06.933Z,6,B5 週年活動換的,0,M
126b6f6c-8a33-40c9-93a0-0b295490f736,234958362,2020-12-10T18:32:40.654Z,2020-12-10T18:32:40.654Z,7,到現在還在叫 都兩點半了,0,M
51110aac-201e-488d-9129-124d1d59042f,234958362,2020-12-10T23:58:07.529Z,2020-12-10T23:58:07.529Z,8,誰叫你們要餵狗,2,M
b0990d1e-d81f-4fe2-a773-3330878e407b,234958362,2020-12-11T03:17:42.445Z,2020-12-11T03:17:42.445Z,9,餵萊克多巴胺,0,M
d7ced8d6-74fc-4764-986a-cc24248330c6,234958362,2020-12-11T12:48:37.249Z,2020-12-11T12:48:37.249Z,10,真的吵…已經好幾天被超醒,1,F
0e547c93-d16c-4625-9416-4d0c6116cdfd,234958362,2020-12-11T14:02:36.666Z,2020-12-11T14:02:36.666Z,11,真的是欠餵巧克力🍫,0,F
25d4e709-cd82-4ad7-92c5-71afad697a5a,234958362,2020-12-11T14:05:28.529Z,2020-12-11T14:05:28.529Z,12,請那些愛餵狗的帶回去養好嗎,0,M
237d0855-6d24-4b2d-a77a-cd31261830a6,234958362,2020-12-12T05:22:43.899Z,2020-12-12T05:22:43.899Z,13,沒辦法 學校有病也不是一天兩天的事了，一個不注意還會踩到狗屎,1,F
e74954fe-5d3d-445e-99a5-de3626ca2f8d,234955301,2020-12-10T14:14:53.546Z,2020-12-10T14:14:53.546Z,1,在地下室要進韻律教室的那個門禁機上面,0,F
1c4c261c-4a14-45f7-be19-1a34663fe9d9,234955301,2020-12-10T14:15:30.827Z,2020-12-10T14:15:30.827Z,2,喔喔好謝謝你明天再去拿,0,M
eccbe0f0-5fa3-4066-ae81-6bbb99a92435,234955301,2020-12-11T00:54:09.721Z,2020-12-11T00:54:09.721Z,3,B1 今天去沒看到不過還是很謝謝你,0,M
54d73907-b5f1-4ea2-89ee-7b2aae5342d9,234955301,2020-12-12T17:11:50.524Z,2020-12-14T11:32:11.025Z,4,,,
f4ea73b5-58d8-482b-b214-5e8141299d5f,234955301,2020-12-13T05:28:08.265Z,2020-12-13T05:28:08.265Z,5,B4 可以還我嗎？那個是之前借老師的裡面還有很多錢,0,M
e82c37fa-286c-4906-85c4-2cc087ff6d3d,234954364,2020-12-10T08:27:24.559Z,2020-12-10T08:27:24.559Z,1,你要申請獎學金？身為即將畢業的我操行已經扣到70以下了,1,M
ebf23ab2-909d-4d38-8f56-5208a8e65b51,234954364,2020-12-10T10:27:31.315Z,2020-12-10T10:27:31.315Z,2,"申誡歸申誡只要到學期末前消都可
愛校歸愛校",0,F
431c1fe0-c804-4cb3-a06a-829228ca579e,234954364,2020-12-10T10:29:03.660Z,2020-12-10T10:29:03.660Z,3,那請問會被退公費嗎？ B1,0,F
87e99845-d506-45e4-91ae-9a9f093e3606,234954364,2020-12-10T10:29:28.577Z,2020-12-10T10:29:28.577Z,4,找舍媽嗎？還是⋯⋯ B2,0,F
910a3c68-a63b-4ac1-a38d-14a2fab4612f,234954364,2020-12-10T10:30:49.903Z,2020-12-10T10:30:49.903Z,5,"B4 去學務處問 
如果有當幹部通常操行都會加分",1,F
030029b5-156c-4efb-a8e4-5b8ee4bafe20,234954364,2020-12-10T10:32:34.703Z,2020-12-10T10:32:34.703Z,6,謝謝🙏B5,0,F
424057bb-f39c-4c3d-85a1-234e4d0a9e31,234954364,2020-12-10T14:55:10.013Z,2020-12-10T14:55:10.013Z,7,B3 這我不清楚 你去問看好了,0,M
33ce9c64-7b09-4376-9b17-61cf9d3a9fb0,234954364,2020-12-10T17:23:18.859Z,2020-12-10T17:23:38.267Z,8,,,
2b24fd82-9b62-450d-9d9e-235c909bd960,234954364,2020-12-11T16:52:01.010Z,2020-12-11T16:52:01.010Z,9,我曠課16節申誡*4操行60多沒事的哈哈哈哈哈🥳,0,F
118e3626-6024-4168-a147-f68463e9dbe0,234954364,2020-12-11T16:52:20.750Z,2020-12-11T16:52:20.750Z,10,是公費生嗎？ B9,0,F
2fd8f3c4-7373-458f-90ed-9a9704cddd50,234954364,2020-12-11T16:55:42.453Z,2020-12-11T16:55:42.453Z,11,不素 不過我最近有去問有關曠課教官是說不能消啦（如果就真的曠課的話 但如果是有上網請假🥚忘記教假單她可能會給你機會讓你做愛校消掉B10,0,F
c66fcc10-136a-4894-acec-c9ac39d4efd7,234953998,2020-12-10T07:27:55.936Z,2020-12-10T07:27:55.936Z,1,"https://i.imgur.com/YKOGD3W.jpg
已經打了8碼了但是還是一直出現",0,F
41b0ad7b-38f1-4ec5-9bda-1e185d4da517,234953998,2020-12-10T08:03:42.998Z,2020-12-10T08:03:42.998Z,2,B1 同學謝謝提醒 已修正,0,F
1e3ebe67-899a-48a5-8357-e43d1eb28e83,234953998,2020-12-10T17:18:47.050Z,2020-12-10T17:18:47.050Z,3,感覺就很有fu,0,M
97e40a65-d94f-49f2-93cf-65b1395a3446,234953797,2020-12-12T17:12:31.040Z,2020-12-12T17:12:31.040Z,1,不客氣,0,M
84b48c8e-a2e6-47e8-940b-f8bf5d6bab1f,234953797,2020-12-13T06:48:10.907Z,2020-12-13T06:48:10.907Z,2,我 學長,0,M
bfd256bc-efb9-4cca-8527-8b73b86f4de9,234950758,2020-12-09T15:22:38.076Z,2020-12-10T15:33:26.551Z,1,,,
976ef9a1-edd3-4587-bdaa-d17d15bbe80a,234950758,2020-12-09T15:25:30.004Z,2020-12-09T15:25:30.004Z,2,B1 被搶破頭這樣,0,M
85b2de00-c065-49b8-94d3-734b67101f0a,234950758,2020-12-10T06:28:00.951Z,2020-12-10T06:28:00.951Z,3,要脫處哦,0,M
deb9549b-37ee-4dd3-8435-6f2293d12e91,234950758,2020-12-10T12:38:57.290Z,2020-12-10T12:38:57.290Z,4,"https://i.imgur.com/c55FkkF.jpg
  蠻適合你的呦～
B3",2,F
2f2e7c0d-6a89-421a-ae13-aed345a10162,234950758,2020-12-10T14:19:15.574Z,2020-12-10T14:19:15.574Z,5,B4 笑死 這個似層相似的頁面 滿滿西斯,0,M
4deea5ed-a8b8-408e-be22-f48de46ed813,234950758,2020-12-10T14:53:59.736Z,2020-12-10T14:53:59.736Z,6,B5 似曾相識🧐你懂約喔！,1,F
da5568e4-0f57-4c09-acb6-a8e743ba874c,234950758,2020-12-10T16:52:57.028Z,2020-12-10T16:52:57.028Z,7,"請先看看自己的條件：）
不努力還想忘想",0,F
593c4ef1-af88-46a1-b617-d62f68d20b66,234950758,2020-12-10T17:15:35.322Z,2020-12-10T17:16:08.850Z,8,作一場春夢，然後不要醒來,0,M
6dc00e1b-35f9-4dc8-ace8-bb784374a9ca,234950758,2020-12-10T17:18:20.018Z,2020-12-10T17:18:20.018Z,9,"我先買爆衛生紙
不然要驗喔～齁齁齁",0,M
87865098-165b-401e-b062-bbc3d67903b6,234950758,2020-12-12T02:19:33.111Z,2020-12-12T02:19:33.111Z,10,嗷,0,M
8cb1adf4-9634-49b9-aefc-9bc7ae17bf56,234950653,2020-12-09T17:28:59.142Z,2020-12-09T17:28:59.142Z,1,"可以,這是兩個分開的東西",0,M
443d3519-22dd-4fb9-8936-c28809786e92,234950653,2020-12-10T01:33:25.083Z,2020-12-10T01:33:25.083Z,2,時數也要雙倍唷^_^,1,F
20b4f0a1-a472-47b2-920d-0e500157c8f2,234950653,2020-12-12T12:41:06.817Z,2020-12-12T12:41:06.817Z,3,拿得到再說,0,F
b54afd8d-cf10-4b67-808c-e5f60f6cf294,234950653,2020-12-12T13:49:07.553Z,2020-12-12T13:49:07.553Z,4,時數沒有雙倍啦，12小時而已。,0,F
8b8a7116-8da3-414f-820e-44ed09e51ad6,234950653,2020-12-12T13:51:27.178Z,2020-12-12T13:51:27.178Z,5,所以公費就要24+12 小時 QQ,1,F
ab60f187-42d8-4675-bee4-dc76ca760f35,234950653,2020-12-12T15:15:14.352Z,2020-12-12T15:15:14.352Z,6,B3 就是拿得到才會問 不回答就不要留言參一咖^ ^,0,F
21ba93a4-2d94-4019-9074-4efef756e33f,234950537,2020-12-10T03:27:21.007Z,2020-12-10T03:27:21.007Z,1,難到是聖誕老人😳,0,M
ac0e2b85-17cc-442a-acbd-3f300c582908,234950138,2020-12-09T14:09:58.070Z,2020-12-09T14:09:58.070Z,1,走啦一起殺男宿,3,F
118cf10f-45e6-4f1f-b18b-811aaf0e633c,234950138,2020-12-09T14:57:50.974Z,2020-12-09T14:57:50.974Z,2,來啊，我在這裡等你,0,M
7e41fd4a-341a-4b8f-8815-24be01cc24e8,234950138,2020-12-09T16:11:37.840Z,2020-12-09T16:11:37.840Z,3,來男宿也只能跟外勞們住,2,M
67fc9471-1f72-4e93-b5e8-ed9e1bc28d2e,234950138,2020-12-10T00:24:49.206Z,2020-12-10T00:24:49.206Z,4,B3 不怕被外籍生出征？,0,M
f0e5c44d-b67f-47b5-b26f-f5399d812cd6,234950138,2020-12-10T09:13:48.623Z,2020-12-10T09:13:48.623Z,5,B4 是要出三小征...,2,M
b514acad-07c7-4cb7-b6aa-d3204090367e,234950138,2020-12-10T09:29:31.970Z,2020-12-10T09:29:31.970Z,6,所以什麼時候可以換樓層啦ಥ_ಥ,0,F
5f839c26-1854-4a4b-9215-b69c06ccacb2,234950138,2020-12-10T16:19:40.225Z,2020-12-10T16:19:40.225Z,7,台師大都男女混宿了 慈科大還在等什麼!!,0,M
6eb45cd2-c020-4e49-a6b7-8cf19daab388,234950138,2020-12-10T16:23:54.808Z,2020-12-10T16:23:54.808Z,8,B7 我支持你的想法！！,1,F
41bcf8af-bafb-418f-b353-0dba2c588602,234950138,2020-12-10T22:51:02.821Z,2020-12-10T22:51:02.821Z,9,在宿舍生小孩B7,0,M
5c1e91c7-dd43-4e20-9941-ab324aae0e60,234950138,2020-12-13T08:17:17.418Z,2020-12-13T08:17:17.418Z,10,B7 真假！,0,F
3513a1cc-d982-4178-a501-17e5fbdb75d5,234950138,2020-12-13T08:18:42.240Z,2020-12-13T08:18:42.240Z,11,B10 還是有分房啦,0,M
82c67a61-23d2-42aa-810e-0a6b05aa9f44,234950138,2020-12-13T08:19:12.042Z,2020-12-13T08:19:12.042Z,12,B11 剛谷歌完，太帥了吧！,1,F
1db8b3a9-3276-47ae-8981-0960795d818f,234950138,2020-12-13T11:38:08.311Z,2020-12-13T11:38:08.311Z,13,妳睡交誼廳就行了,0,M
3c9f454d-8cb5-4539-b70b-6ebfb23316cf,234949578,2020-12-10T11:53:28.096Z,2020-12-10T11:53:28.096Z,1,找到了嗎 我今天有看一個女生從內外教室拿走ㄟ,0,M
6ff2fc88-b8a4-4202-a38c-787a9950069f,234946039,2020-12-09T14:28:06.752Z,2020-12-09T14:28:06.752Z,1,沒有慈科大的選項嗚嗚嗚,0,F
98fe679b-a8a6-4d05-b9c5-ab5cb7ae490c,234945891,2020-12-09T02:08:12.361Z,2020-12-09T02:08:12.361Z,1,"你說在二樓電腦教室嗎？
它現在在門口",0,F
cdc73eb4-23ea-4372-9eef-1bcc232305ec,234945891,2020-12-09T02:08:41.309Z,2020-12-09T02:08:41.309Z,2,哪裡門口！B1,0,F
edd08a8a-179a-4294-8a8d-7324beb6d4d1,234945891,2020-12-09T05:17:45.387Z,2020-12-09T05:17:45.387Z,3,哦,1,M
e468854f-2036-4529-8858-36ab01d06c82,234945864,2020-12-09T00:19:14.482Z,2020-12-09T00:19:14.482Z,1,請問是要做什麼,0,F
ba5a57f6-e655-4a6d-a640-a2c4eca4af4c,234945864,2020-12-09T13:12:11.395Z,2020-12-09T13:12:11.395Z,2,以趣味方式淨灘!有服務時數4小時和獎品等您,0,F
c403fb9b-3f90-45a5-a583-2ad9d12a9fce,234945864,2020-12-09T13:13:15.616Z,2020-12-09T13:13:46.483Z,3,麻煩要報名的可愛同學記得要聯絡繳保證金事宜，不然會無法參加喔!,0,F
16bb92a0-23a3-4681-9c06-ef92858cff02,234945864,2020-12-12T14:43:51.018Z,2020-12-13T22:04:34.061Z,4,B3 可加開人數嗎？,0,F
9b73b88c-58d9-4f63-b9de-0a278c6d9879,234945856,2020-12-09T00:10:04.493Z,2020-12-09T00:10:04.493Z,1,如果你自己知道就不用幫問,2,F
fe2aed25-45e3-4bd8-b5e7-a7d431d0f7df,234945856,2020-12-09T03:48:59.307Z,2020-12-09T03:48:59.307Z,2,B1就是不確定才問,0,F
a3fc7c85-ccff-401f-a66d-3ad3beb22453,234941810,2020-12-08T13:15:14.782Z,2020-12-08T13:15:14.782Z,1,"如果剛好50可以刷一次卡
超過50就刷卡再補差額
雜貨鋪是跟著學餐的營業時間",1,M
2fe6d598-a752-4f3c-b229-d87593032779,234941793,2020-12-09T02:23:54.445Z,2020-12-09T02:24:45.525Z,1,可以做Ta 不能工讀（沒記錯的話,1,F
b7fa57b3-342b-4218-8f37-e2acb83b89b7,234941793,2020-12-09T02:41:54.275Z,2020-12-09T02:41:54.275Z,2,B1 一樣能領錢嘛？,1,F
5169b299-8ab6-4bdf-ae5e-1f8167b726db,234939685,2020-12-08T06:26:06.791Z,2020-12-08T06:26:06.791Z,1,我可以賣你呀 但是我的右邊腋下有小裂開 哇哈哈哈哈哈,2,M
2e306ae6-ed9f-411b-8373-fd7a5d1f47b4,234939685,2020-12-08T06:59:47.677Z,2020-12-08T06:59:47.677Z,2,"去花蓮市區 可以去運動用品店買
不然男宿一樓後面有很多別人捐的",0,M
8aa75775-911b-4eb2-bd5d-94bc0c3d5816,234939685,2020-12-08T11:20:26.573Z,2020-12-08T11:20:26.573Z,3,可以跟舍媽問 都會有以前學姊們捐的二手外套（衣服）不是全新但是我都覺得保養的還不錯,0,F
946b0906-c1f1-4920-b29a-54b414c052b3,234939685,2020-12-09T05:18:26.921Z,2020-12-09T05:18:26.921Z,4,哦,0,M
5319e3e8-4529-4ab7-a673-adbc320efc63,234939685,2020-12-13T03:52:15.100Z,2020-12-13T03:52:15.100Z,5,我有L號的你要嗎,0,F
