b5c43539-c605-49f1-83b8-1c0bd52752cf,234979972,2020-12-14T10:52:51.138Z,2020-12-14T10:52:51.138Z,1,"公布了喔 系辦外面有公告名單
但怕個資問題所以就不放照片上來了",0,F
4b8f44ae-9aec-40b8-8e9d-93c5d7d163b5,234979972,2020-12-14T10:56:40.239Z,2020-12-14T10:56:40.239Z,2,今天公佈了，我班上的助教有說，不過我不知道全部名單，助教只講我們班的,0,F
cbb653e6-4d89-4cc5-a6bb-ba02f516dfe0,234979972,2020-12-14T11:34:12.584Z,2020-12-14T11:34:12.584Z,3,窩也好想要,0,M
0cdfdbcf-ab7e-4980-9e0f-eeebc0613f64,234978817,2020-12-14T08:09:22.447Z,2020-12-14T08:09:22.447Z,1,你不會改八開或四開喔,8,M
688d3510-c00a-4520-8ff8-56a6fc56bef0,234978817,2020-12-14T08:19:11.249Z,2020-12-14T08:19:11.249Z,2,B1 好幽默,1,M
a9217d90-ce0d-4b00-956e-2261c5c7d462,234978817,2020-12-14T09:24:39.750Z,2020-12-14T09:24:56.111Z,3,"怕危險吧
最後一排桌椅有的很靠近窗戶",0,F
e661af0d-c86b-4c07-a994-3fa1ed840b92,234978524,2020-12-14T08:05:48.851Z,2020-12-14T08:05:48.851Z,1,後天,0,M
b2f558a3-75ea-44ed-b20b-81642a5fdcc0,234978351,2020-12-14T06:31:57.130Z,2020-12-14T06:31:57.130Z,1,蒲家的鍋燒?,0,M
bfdfa6b3-0f1f-4764-8c07-e6226bb4ccc3,234978351,2020-12-14T08:05:41.574Z,2020-12-14T08:05:41.574Z,2,木子,1,M
95048f39-4cf3-4cea-8b5f-5899cb5d8ebe,234977603,2020-12-14T03:04:02.152Z,2020-12-14T03:04:02.152Z,1,"真的要找主任呦！
你不簽也沒關係
反正教務處會退你單",1,M
af0d5f56-3566-4924-823b-0a88541bc5fa,234977603,2020-12-14T04:43:13.382Z,2020-12-14T04:43:13.382Z,2,B1 樓上回覆好好笑,1,M
55130ad4-cd91-4b22-a880-3bc7ca7542ac,234977603,2020-12-14T06:06:36.582Z,2020-12-14T06:06:36.582Z,3,我的系是拿到系辦，系秘那有主任的章，然後再交到教務處,1,F
c8296d62-0aed-4a75-8c53-4fe6e594cb27,234974762,2020-12-13T13:56:01.486Z,2020-12-13T13:56:01.486Z,1,去學校租阿,0,M
c7065914-2ac5-425f-92e4-081343a49caa,234974762,2020-12-13T14:47:05.017Z,2020-12-13T14:47:05.017Z,2,"城中的話你可以去2102
外雙溪可以去C101問問看（不確定XD",1,F
9f38272d-c82f-43a7-b537-76c7956baa16,234974762,2020-12-13T15:14:34.511Z,2020-12-13T15:14:34.511Z,3,還沒畢業就想租學士服,0,F
9559fcf9-4f3e-4a75-96d8-7d09617616c5,234974762,2020-12-13T15:37:47.893Z,2020-12-13T15:37:47.893Z,4,網美來著,0,M
b3376124-41c6-4a7a-939d-6d2232d3b343,234974762,2020-12-13T16:02:03.485Z,2020-12-13T16:02:03.485Z,5,"B3 B4
有可能確定延畢但想跟同學拍啊ಠ_ಠ
幹嘛這樣",0,M
ef7096ff-a7a7-4eed-b912-83038e73b62a,234974762,2020-12-13T19:17:41.016Z,2020-12-13T19:17:41.016Z,6,我只知道非應屆生戴學士帽 未來會延畢(⁎⁍̴̛ᴗ⁍̴̛⁎),0,F
c944b4d6-43df-419a-8b56-0e8bb9e4959e,234974762,2020-12-13T19:26:08.818Z,2020-12-13T19:26:08.818Z,7,B6 延畢很好阿，反正工作很無聊,1,M
38ffd7aa-8117-4cd3-a7c1-1dd368e52a14,234974762,2020-12-13T19:46:41.483Z,2020-12-13T19:46:41.483Z,8,B7 好有錢的發言😂,0,F
1462ff8e-2f34-44f4-9bd6-7a947115a59b,234974762,2020-12-13T22:05:06.347Z,2020-12-13T22:05:06.347Z,9,B8 沒有歐，是反正又賺不太到錢，就慢慢摸阿,0,M
5840e258-0ee2-47e7-8d71-6836af6c5518,234974762,2020-12-13T23:50:07.426Z,2020-12-13T23:50:07.426Z,10,我要成為米蟲王,0,M
add157e6-eaed-4ae0-a77e-3cd170c32f94,234974762,2020-12-14T01:44:39.337Z,2020-12-14T01:44:39.337Z,11,謝謝每個回覆^-^,0,F
703e65c4-25e7-4c6c-8906-35b886667cdf,234973791,2020-12-13T16:45:21.133Z,2020-12-13T16:45:28.465Z,1,幾乎都是同一群人在跑，除非是跑1哩，不然感覺根本是去打擾人家小圈圈的,9,M
451f3e05-258d-4b07-b032-08c404ae8ad6,234973791,2020-12-13T17:33:25.354Z,2020-12-13T17:33:25.354Z,2,不能 小圈圈已形成,15,F
faeceef2-1dee-4c24-a21a-15fb21f5013d,234973791,2020-12-14T03:06:09.807Z,2020-12-14T03:06:09.807Z,3,"不要管樓上兩個
我自己跑過幾次
每次都有大量新血加入
但要注意從明年開始的哩系列都由學校主辦
一定不會再像以往由學生辦的有趣
從海報就看得出來了
學校老師做得真的有待加強
反正我是不會再跑
就看妳各位",2,M
546baaac-10bb-4986-9ddc-b155c0432556,234973791,2020-12-14T06:40:17.067Z,2020-12-14T06:40:17.067Z,4,你可以去 但融入問題請加油,2,M
019a7ec3-9c95-4d0e-abf3-d27f8cd42b39,234973791,2020-12-14T08:05:11.805Z,2020-12-14T08:05:11.805Z,5,不可以,0,M
85833ec0-7d75-429f-907e-6de0d51b9a59,234973791,2020-12-14T08:09:35.960Z,2020-12-14T08:09:35.960Z,6,"B1 什麼意思！所以是23哩都只能有老師認識的人才可以參加嗎
B2 怎麼會這樣🤧🤧是大家不會想認識學弟妹嗎
B3想請問跑起來會感覺沒有歸屬感嗎
B4 B5 好吧，還是謝謝",0,F
7038222e-be96-4a74-a92c-09819bd3037d,234973532,2020-12-13T10:55:24.188Z,2020-12-13T10:55:24.188Z,1,酷！要去聽😋諧音好可愛,0,F
22c077c2-715a-43ae-b009-3813a9d722a6,234973532,2020-12-14T03:07:24.933Z,2020-12-14T03:07:24.933Z,2,"嘔
東吳毒瘤小圈圈三社團
音服音劇熱音",2,M
a6fdd97a-53e1-4b5b-9748-1df736aa17f0,234973532,2020-12-14T05:09:35.465Z,2020-12-14T05:09:35.465Z,3,B2 你是不是沒朋友啊,0,F
f49b7faf-2b36-4b7a-bd74-d19692c8c565,234973532,2020-12-14T08:05:00.530Z,2020-12-14T08:05:00.530Z,4,熱音就是爛,0,M
39ca730b-1b65-403f-80fc-eabf297cb429,234973283,2020-12-13T08:47:11.593Z,2020-12-13T08:47:23.593Z,1,推推報馬仔！又要變冷惹,0,M
427c865e-0363-44e3-9cdf-30715d025bb9,234973283,2020-12-13T08:50:32.925Z,2020-12-13T08:50:32.925Z,2,B1 謝謝報馬仔～(⁎⁍̴̛ᴗ⁍̴̛⁎)真的～大家注意保暖,0,F
1c6330f0-da65-4227-ba52-ea79634b2983,234973283,2020-12-13T13:46:38.079Z,2020-12-13T13:46:38.079Z,3,推推報馬仔～,0,F
989a4c7d-6799-4103-b1e2-f8bc98bbf531,234973283,2020-12-13T23:13:26.509Z,2020-12-13T23:13:26.509Z,4,B3 謝謝報馬仔～～😆,0,F
28c997cf-0542-46f8-b737-594962380f7e,234973154,2020-12-14T08:05:27.492Z,2020-12-14T08:05:27.492Z,1,很棒的地方,0,M
29ad863b-c8c5-464e-810a-e24b9f3c2ee7,234972037,2020-12-13T04:36:07.931Z,2020-12-13T04:36:07.931Z,1,小女子,9,F
d5073fe9-661d-446b-a120-f72f4c0fe204,234972037,2020-12-13T04:47:27.998Z,2020-12-13T04:47:27.998Z,2,嗨～加油加油！💪💪,0,F
461ffe5c-b3a6-468d-b98f-018d59eb1533,234972037,2020-12-13T04:48:12.871Z,2020-12-13T04:48:12.871Z,3,"今年期中也太晚？？
之前還有一次是發回去當作業",4,M
92a86d4a-b632-4342-bb15-20b1a105d66e,234972037,2020-12-13T05:27:14.680Z,2020-12-13T05:27:14.680Z,4,"我也是，準備完蛋囉
教的有夠爛，民總完蛋蛋",0,F
ea13d53c-71b8-49b7-84fb-53adf5c5a799,234972037,2020-12-13T05:39:27.428Z,2020-12-13T05:39:27.428Z,5,"題外話，小女是稱自己的女兒
小女子才是自稱",3,M
416a96ba-188f-4c16-83eb-9805ded6220d,234972037,2020-12-13T08:41:06.954Z,2020-12-13T08:41:06.954Z,6,B5 感謝糾正,0,F
ddcc4f1c-0f20-4424-8141-36e8b0834fb0,234972037,2020-12-13T08:41:48.898Z,2020-12-13T08:41:48.898Z,7,所以為什麼那麼晚考啊哈哈哈,0,M
4b9c64ba-c63e-457a-bbef-61cfe173b235,234972037,2020-12-13T08:59:38.608Z,2020-12-13T08:59:38.608Z,8,"加加油！！
考完直接來遊藝看系卡了(⁎⁍̴̛ᴗ⁍̴̛⁎)",1,M
85de1482-617d-4ba2-9d32-bedbb4560a31,234972037,2020-12-13T15:38:58.591Z,2020-12-13T15:38:58.591Z,9,簡單啦，都不會寫,0,M
d175b631-e316-40f4-b5fd-a1bfbe135964,234972037,2020-12-13T15:52:51.777Z,2020-12-13T15:52:51.777Z,10,我完蛋ㄌ 謝謝你的梗圖,1,F
92427df2-2940-4741-8ff5-6412df054563,234972037,2020-12-13T16:01:50.064Z,2020-12-13T16:01:50.064Z,11,一起下去吧,0,M
08b1a3cf-ebde-4173-ae8d-71900adecd63,234972037,2020-12-13T16:42:42.995Z,2020-12-13T16:50:36.553Z,12,所以有人知道他到底怎麼考嗎ಥ_ಥ,0,F
75cdee5a-9911-4c46-8e30-c1a591d264d5,234972037,2020-12-13T17:53:45.165Z,2020-12-13T17:53:45.165Z,13,我們都用靈魂去考試，出來吧阿彌陀丸,0,M
5c418363-cc9b-4a95-a4c2-d3902b098f18,234972037,2020-12-14T02:25:29.991Z,2020-12-14T02:27:31.463Z,14,施啟揚那本民總背起來抄上去就對了 然後真的不幸考不好 女生可以考慮送金莎給他 男生就不用想了 考慮明年修哪個老師就好,4,M
bc0e867e-9a7d-4163-a911-6384361b5fa3,234972037,2020-12-14T03:34:31.645Z,2020-12-14T03:40:15.046Z,15,,,
61014612-82fe-4b44-af25-4b62d35ff29e,234972037,2020-12-14T03:42:08.039Z,2020-12-14T03:42:08.039Z,16,"孩子們加油
班服給你們精神上支持(´･ω･`)",1,M
8927a37a-8268-4de0-95c0-c9bbfc9513d7,234972037,2020-12-14T04:09:24.729Z,2020-12-14T04:09:24.729Z,17,加油，我已經準備好面對悲慘的16號了,0,M
617fc10c-12d6-47a3-ab67-0bc100131786,234972037,2020-12-14T05:06:44.667Z,2020-12-14T05:06:44.667Z,18,可惜你沒加法播 加法播可能躺著都過,1,M
5ce7db3a-be33-41d7-a457-f25fed8056b5,234972037,2020-12-14T05:09:13.649Z,2020-12-14T05:09:13.649Z,19,B18 加完法播真的只能躺著了吧⋯⋯,3,M
23b6284e-a4b7-4719-89da-6ee606ad1689,234972037,2020-12-14T05:58:30.685Z,2020-12-14T05:58:30.685Z,20,B14 推,0,M
7afa24de-221b-43ff-ae7a-62ffbcc9efc6,234972037,2020-12-14T06:06:04.121Z,2020-12-14T06:06:04.121Z,21,"B14 他不是很討厭沒例子的文字
直接寫定義可以嗎
嗚嗚",0,F
fbbdac1d-f477-44eb-aa95-39512eb7b1f1,234972037,2020-12-14T06:20:02.947Z,2020-12-14T06:21:28.314Z,22,"他以前不是都歐趴嗎？記得老師不太當也蠻照顧我
還是現在老師轉性？（十多年前修課的）",1,M
008f6cf8-1cc8-483a-9e10-a4d5a02b1c54,234972037,2020-12-14T06:57:52.933Z,2020-12-14T06:57:52.933Z,23,"去年的級距 穩穩的
https://i.imgur.com/haVkU4x.jpg",0,M
58a7d330-d656-4438-b0b5-0a70cf346566,234972037,2020-12-14T07:36:17.698Z,2020-12-14T07:36:17.698Z,24,"我看你是沒修過玲玲的齁

雖然他不會當人啦...

不過如果民總都讀到被當 不管是哪個老師 都趕快轉系或轉學吧 法律系真的不適合你",1,M
6a09f1b5-bb8c-4485-a851-7ae486947d41,234972037,2020-12-14T08:50:50.491Z,2020-12-14T08:50:50.491Z,25,這麼簡單也不會,0,M
78d18442-d801-4ec4-a2ec-a4141d72f2ff,234972037,2020-12-14T08:57:34.657Z,2020-12-14T08:57:34.657Z,26,B24 我也想給玲玲修...,0,F
10bf1557-a238-4d5d-8a05-21f1459049dc,234972037,2020-12-14T10:01:37.421Z,2020-12-14T10:01:37.421Z,27,"B26 他給分很難看 絕大多數（過半）都是最後60

很明顯都是被救的

如果對分數有堅持的要考慮一下Xd",0,M
60e51bcf-adb3-4d8a-aa02-3d8c473d9a8b,234972037,2020-12-14T10:02:04.667Z,2020-12-14T10:02:04.667Z,28,B26 而且那個60還是加過10分後還沒到60硬拉到60的XD,0,M
68dd5749-ffad-4e2f-8efb-4ed1d5e2ce1f,234972037,2020-12-14T10:47:07.182Z,2020-12-14T10:47:14.377Z,29,B27 我對分數還好，主要是想學到東西，可是博文教的東西真的不適合初學者讀...,0,F
0e48159c-fceb-402d-a85c-48b1d495da73,234972037,2020-12-14T11:31:51.697Z,2020-12-14T11:31:51.697Z,30,看到學霸們討論 感到瑟瑟發抖,0,M
e49c02d5-968b-48b7-80ff-137f8188eeab,234972037,2020-12-14T11:40:57.713Z,2020-12-14T11:40:57.713Z,31,怕怕，有沒有睡覺就能過的課阿，來摸個學歷而已,0,M
88721cbc-fb79-463e-81c4-3bc6c5b577ac,234968980,2020-12-12T13:41:10.138Z,2020-12-12T13:41:10.138Z,1,現在是幹大事了歐 MJ116,3,M
8599a8c5-dc35-45bc-9569-fba1d46a3f46,234968654,2020-12-12T14:06:03.906Z,2020-12-12T14:06:03.906Z,1,不知道耶，可以在考試的時候召喚亞瑟王幫妳寫,0,M
31727043-1e2a-4e11-ba94-5f0ee26df6d0,234968654,2020-12-12T14:32:07.168Z,2020-12-12T14:32:07.168Z,2,B1 好好笑也太不正經xd,1,F
fdb3f9a6-e696-4e94-8f80-eda77e903ea7,234968654,2020-12-12T14:42:25.913Z,2020-12-12T14:42:25.913Z,3,B2 我很正津耶，認真提供良好方案,0,M
42c8b5dd-b277-4120-bfcd-a34b398ac862,234968654,2020-12-12T19:47:04.522Z,2020-12-12T19:47:04.522Z,4,去語言中心問,0,F
4c9dab28-df2e-4634-8173-503f02cab313,234968653,2020-12-12T12:22:11.486Z,2020-12-12T12:22:11.486Z,1,"初菓

https://instagram.com/twoboysthey?igshid=1a1x0g5j86lob",2,F
da7799e6-155c-4278-b459-cdbdcccf809f,234968653,2020-12-12T14:06:35.146Z,2020-12-12T14:06:35.146Z,2,好吃,1,M
00fa1e73-1a65-483b-89aa-8500bbd16611,234968653,2020-12-12T15:37:47.626Z,2020-12-12T15:46:42.422Z,3,"12/11於城中校區之甜點攤販有
貳芓
Für you dessert studio
米洛葛蕾哈姆
初菓

同學你可以查看看是哪一家喔！

學生會活動部部長",2,F
ed5779cd-030b-4f5c-a10d-a4e2b0410509,234968653,2020-12-12T15:42:18.991Z,2020-12-12T15:42:18.991Z,4,部長很正嗎,0,M
8af57616-9c87-4c63-b663-d7eae7e491f6,234968653,2020-12-12T15:43:41.764Z,2020-12-12T15:43:41.764Z,5,"B1 謝謝你🥰🙏終於找到
B2 下午吃完大驚 也太好吃
B3 謝謝🙏米洛超好吃🥰",1,F
d5a02eca-c8c2-40c6-8817-1e1c995d2972,234968653,2020-12-12T15:45:26.928Z,2020-12-12T15:45:26.928Z,6,好東西要分享好同學，不謝歐,0,M
5b6f161c-fd29-4ac3-9dc9-505cb428259c,234967575,2020-12-12T07:44:44.146Z,2020-12-12T07:44:44.146Z,1,學弟妹母湯,3,M
ed28d4a2-cc70-4614-8179-198150c39bd1,234967575,2020-12-12T07:54:20.787Z,2020-12-12T07:54:20.787Z,2,你大三吧,0,M
b0f2ecb1-09a5-4afd-a01e-6b9c9bad98d6,234967575,2020-12-12T08:09:20.476Z,2020-12-12T08:11:49.422Z,3,自己沒帶卡惱羞遷怒也太好笑,15,F
0c47c9d6-de30-4f6e-a501-112683e4d0ee,234967575,2020-12-12T08:30:25.067Z,2020-12-12T08:30:25.067Z,4,誰啦🤣,0,F
b63b8bda-f0de-4646-9691-997ed36299b3,234967575,2020-12-12T09:26:36.742Z,2020-12-12T09:30:53.165Z,5,"在為了 舒曼蝴蝶套曲第九首 做準備吧？
辛苦原po為藝術奉獻你的耐心",0,M
2e95cb8f-da93-471a-843f-8954c0d913c5,234967575,2020-12-12T10:10:18.581Z,2020-12-12T10:10:18.581Z,6,這種人該死,0,M
1ee844d0-8290-41dc-8c2d-d3b0f1ae3422,234967575,2020-12-12T11:13:43.546Z,2020-12-12T11:13:43.546Z,7,嗯~那個男的真的是蠻欠罵的！,0,F
4df53a3e-ad6e-4caf-a57d-93e9568104cf,234967575,2020-12-12T11:14:46.455Z,2020-12-12T11:16:21.384Z,8,"可以刷別人的證進館嗎
他最後是被趕出去還是成功借走書ㄌ",0,F
9fabf9e6-b412-4a7d-9468-a1b738ce0191,234967575,2020-12-12T13:29:01.799Z,2020-12-12T13:29:01.799Z,9,推原po大帥哥,2,M
f1207b41-5d6a-4675-b5a6-49742dd32c2e,234967575,2020-12-12T14:18:58.770Z,2020-12-12T14:18:58.770Z,10,圖書館不都妹子嗎，那有男生做圖書館，跟妹子爭工作,0,M
9c71a3ca-8704-461c-9544-b1068143ec1e,234967575,2020-12-12T14:25:24.284Z,2020-12-12T14:25:24.284Z,11,"B8 實名制入館要刷自己的卡，他摔在桌上之後再叫他有禮貌的朋友來借走
B9 哪有你帥😏
B10 抱歉搶了你的工作：(",7,M
53f1fdbe-e3b8-4233-87b5-d143b58f55ef,234967575,2020-12-12T14:29:21.767Z,2020-12-12T14:29:21.767Z,12,B11 壞壞，嘿嘿嘿,2,M
a4262ca9-0f3f-459f-9241-35f702ab35fa,234967575,2020-12-12T15:55:29.593Z,2020-12-12T16:43:59.598Z,13,你好我是今天在他旁邊的朋友 我替他向你還有另一位女員工道歉 有冒犯到你們的地方請見諒 我也不知道他沒帶學生證跟口罩到底在氣什麼,53,M
d47ab8d6-0ad4-4c89-9486-3eaeff962bef,234967575,2020-12-12T15:57:45.599Z,2020-12-12T16:02:16.742Z,14,,,
f4fe4283-927d-49b6-abdf-26a9acdf1d28,234967575,2020-12-12T16:00:52.818Z,2020-12-12T16:00:52.818Z,15,"送一首哥，看脾氣會不會好一點

https://youtu.be/TtQ9hwYoyWQ",7,M
7e008345-6551-42ad-b71a-9c5c723cb4b3,234967575,2020-12-12T16:06:55.277Z,2020-12-12T16:06:55.277Z,16,B1 妹的部分應該沒有🤣🤣🤣,0,F
cdbf52f2-0a73-4394-86b8-9246c3810e99,234967575,2020-12-12T16:12:59.152Z,2020-12-12T16:12:59.152Z,17,"B4 
小號某延畢生 平常對人態度就很差 不難猜",5,M
c84e0f6e-c74a-4bd9-a3cf-e924fdcb896b,234967575,2020-12-13T05:44:51.893Z,2020-12-13T05:44:51.893Z,18,他484沒見過壞人,0,M
4e0de364-8efa-41fe-b148-cc40a879d793,234966109,2020-12-12T03:19:40.189Z,2020-12-12T03:19:40.189Z,1,"抱歉認真問
誰？",1,M
1929cb20-28c4-4c58-9b1b-5a37495caafa,234966109,2020-12-12T08:39:29.468Z,2020-12-12T08:39:29.468Z,2,客啦幹,0,M
a7aef28b-fae9-4500-8cdc-ff5a1e5ce6df,234965267,2020-12-11T18:24:25.523Z,2020-12-11T18:24:25.523Z,1,樓下卒圖,4,F
9e9bbf86-e36d-4b9c-9b94-19e90ad8725d,234965267,2020-12-12T00:06:53.207Z,2020-12-12T00:07:03.687Z,2,説這麼多，只是不敢去嘛，不敢去藉口還一堆,5,M
0f154778-7fc9-44ef-b4eb-9985819ced8b,234965267,2020-12-12T01:41:00.928Z,2020-12-12T01:41:00.928Z,3,我就是俗仔不敢過去，我是網路上的霸王，現實的吉娃娃，先喊先叫，希望有傻瓜能代替我去吵架，我好聰明,3,M
f3f7771e-38b3-4b71-b173-ca470fc9b2ac,234965267,2020-12-12T07:16:01.550Z,2020-12-12T07:16:01.550Z,4,蔣x皓嘴嘎拎踏,3,M
0c30dafb-540d-4307-ba42-5f3d77a8c3bd,234965267,2020-12-12T07:16:49.317Z,2020-12-12T07:16:49.317Z,5,蔣銘x能閉嘴嗎吵死了,3,M
d085dcb2-0498-4d4d-a500-a95f2a3a5173,234965267,2020-12-12T07:23:10.754Z,2020-12-12T07:25:57.919Z,6,,,
f8754387-a335-43a4-ac18-af7f0a9bb4da,234965267,2020-12-12T07:51:19.225Z,2020-12-12T07:51:19.225Z,7,"B3 今天約個時間來交誼廳
我當面告訴你我敢不敢",2,M
5117fbfe-0737-451f-9461-2adc82e3f3b3,234965267,2020-12-12T07:51:36.605Z,2020-12-12T07:51:36.605Z,8,B2 半夜2點我要每間敲門？,0,M
f45826da-8945-4e78-89ed-54e6a12bb36c,234965267,2020-12-12T07:53:16.079Z,2020-12-12T07:53:16.079Z,9,別了吧，老子一次都掃一排，你還是去跟你們小朋友一起玩吧,1,M
dbab5f2c-06dd-471f-821d-03392c84a7aa,234965267,2020-12-12T08:17:54.872Z,2020-12-12T08:17:54.872Z,10,B8 東吳高職？？？不會處理事情還要每間敲？,3,M
6ecd0dca-a3c1-47ef-b2b7-9ca44fc541f9,234965267,2020-12-12T08:22:51.774Z,2020-12-12T08:22:51.774Z,11,可能想去處理人，但是又不敢，上來哭哭，讓其他笨蛋先衝，自己躲起來出一張嘴,1,M
04a3f9cb-83a8-4b6b-9358-4143a0fe6329,234965267,2020-12-12T08:23:41.177Z,2020-12-12T08:23:41.177Z,12,這是不是要上圖支援一下,1,M
cf72a0f8-6e7e-4194-9d3b-5fb9469e03ba,234965267,2020-12-12T09:56:59.666Z,2020-12-12T09:57:55.312Z,13,"https://i.imgur.com/xEd37Sp.jpg
不敢去講就算了 講話一堆髒字 也突顯了你的素質",3,M
f3f600da-4fda-4dfc-88af-b3255949fb81,234965267,2020-12-12T17:44:39.075Z,2020-12-12T17:44:39.075Z,14,"好可憐 現在是我半夜被吵 講的好像是我的錯一樣
我也說了 我知道是誰就直接去跟他講了
整天只會在這逼逼還會幹嘛
不然你們把人找出來我去講啊
沒人叫你們去講
叫你們找而已問題一堆",2,M
64bbfc5e-eb7e-4757-92b2-25390348256a,234965267,2020-12-12T17:47:19.747Z,2020-12-12T17:47:19.747Z,15,"感覺你們就一群不是住宿舍的死人嘛
我就不相信2點被吵起來吵到3點你能繼續笑著當死人睡",0,M
49ed944c-c4dd-43f0-9421-df6dadf66988,234965267,2020-12-12T17:55:44.510Z,2020-12-12T17:55:44.510Z,16,好像有點可憐，大家晚上不要吵其他人睡覺啦，我自己住一層很累，常常打電動到睡著，要多體諒大家啦,3,M
f654e661-74af-43cb-ac5a-49cc1d51a993,234965267,2020-12-14T04:54:59.401Z,2020-12-14T04:54:59.401Z,17,"B15 被吵了一個學期 下學期就免疫了
我到最後只聽得到自己的鬧鐘聲
被吵醒管他是被什麼東西吵醒 把握睡眠才是重點",0,M
e8e5a95d-ad11-442d-ae5d-a6af601d4dd8,234965267,2020-12-14T10:33:57.069Z,2020-12-14T10:33:57.069Z,18,請問大概是幾樓啊？,0,M
59933521-ec6a-45dc-be9d-79c061261653,234965267,2020-12-14T12:07:53.520Z,2020-12-14T12:07:53.520Z,19,之前我們隔壁的太大聲我去敲門跟他們提醒一下他們馬上就安靜了，是隔壁房就互相提醒一下很多時候是太high沒注意到音量，東吳還沒慘到需要動手才能解決,0,M
29c2348f-3e1b-46a2-a180-c583fae70352,234965162,2020-12-11T17:59:55.939Z,2020-12-11T17:59:55.939Z,1,第一志願不想穿 其他人穿了也不知道是什麼學校,61,M
e90b958a-c160-4775-99ba-6da00b78aec9,234965162,2020-12-11T18:11:50.016Z,2020-12-11T18:11:50.016Z,2,"制服日通常是高中那端在辦的
去問問你這屆高中的負責人吧~",8,M
bd4477a6-a039-4308-b2d0-e94618a1cdef,234965162,2020-12-11T18:26:49.034Z,2020-12-11T19:46:56.317Z,3,因為東吳太像高中了 沒有一種解脫感 在這邊不會那麼懷念制服,43,F
80d1e9f4-34a5-471b-88cd-2461a7499327,234965162,2020-12-12T01:03:20.845Z,2020-12-12T01:03:20.845Z,4,你高中生喔,1,M
f5a9ee18-f114-4b11-b003-bc05d1d55f3e,234965162,2020-12-12T03:06:24.742Z,2020-12-12T03:06:24.742Z,5,肯定東吳高職亂入,0,M
dcabce20-ba03-424e-90a2-3004da318a66,234965162,2020-12-13T05:09:56.992Z,2020-12-13T05:09:56.992Z,6,很久以前有喔 後來就沒惹,1,F
304cae38-052b-4f32-a3fe-c08f0aeb7d22,234965162,2020-12-13T05:26:39.620Z,2020-12-13T05:26:39.620Z,7,"拜託不要再問制服日了
每年問不煩嗎
這麼愛穿高中怎麼不多穿一點

東吳有各校的制服日嗎？ 
https://www.dcard.tw/f/scu/p/232450928?cid=77539667-0538-4A84-8476-CE1AC1E9552C

制服日 
https://www.dcard.tw/f/scu/p/232240689?cid=107F0CFF-533A-4069-8B34-86172965CB0B

東吳有制服日? 
https://www.dcard.tw/f/scu/p/229759148?cid=971644EA-271B-4D8D-88B4-2BA2DC222506

制服日 
https://www.dcard.tw/f/scu/p/229685777?cid=4B3BA130-D981-42DE-8328-E29EFBB8ED77

制服日 
https://www.dcard.tw/f/scu/p/229531467?cid=A178EC72-D986-4F7E-A867-175A790B7C9E

#問 請問我們學校有制服日嗎？ 
https://www.dcard.tw/f/scu/p/227199987?cid=4AD7E53E-A4CA-4124-8764-DE24E2C70902",3,F
8d09346b-ed8d-4f8e-9844-74f7c9673ef9,234965162,2020-12-14T04:16:50.607Z,2020-12-14T04:16:50.607Z,8,在東吳穿很尷尬,1,F
15a8e60a-283a-4830-a719-2fde35ca66ca,234964964,2020-12-11T17:11:12.324Z,2020-12-11T17:11:12.324Z,1,"同學去看醫生了嗎？
有問題記得留下診療單據問問健諮可不可以申請學生保險😂",1,M
09bf6ca5-0829-4bdc-b827-51d378af6f00,234964964,2020-12-11T18:52:20.088Z,2020-12-11T18:52:20.088Z,2,在,2,F
28cf8671-e30a-4597-befd-9afb63579f44,234964964,2020-12-12T05:26:17.302Z,2020-12-12T05:26:17.302Z,3,好可怕,0,M
8892a29d-8e30-4623-87eb-a01e7d1cf9f9,234964964,2020-12-13T04:44:27.101Z,2020-12-13T04:44:27.101Z,4,"我之前更好笑
在床上看到
直接抓起來丟地上
後來知道是隱翅蟲嚇到
還好沒事🤣",0,M
fb321f45-5283-447c-9326-ff689618a1a6,234964404,2020-12-11T16:18:59.673Z,2020-12-11T16:18:59.673Z,1,感覺超好玩的欸,1,M
d638ed4c-abc5-4d32-9270-cb297b77083f,234964404,2020-12-11T16:34:00.005Z,2020-12-11T16:34:00.005Z,2,J個是？,0,M
d1d55141-14d6-4933-8685-be4a8eb806ad,234964404,2020-12-11T16:34:24.349Z,2020-12-11T16:34:24.349Z,3,閉著眼來好像很刺激,1,M
6b056f13-e110-4736-9a0e-b4c3d9a60cc2,234964404,2020-12-11T16:35:34.066Z,2020-12-11T16:35:34.066Z,4,來啦來啦～大家一起乃丸！,1,M
515b4206-8ed6-40af-b3c9-8547feaa2165,234964404,2020-12-13T16:56:45.447Z,2020-12-13T16:56:45.447Z,5,看起來很好玩耶,1,F
e981793f-8d74-48d2-b272-5076f2abdd76,234963825,2020-12-11T14:30:46.523Z,2020-12-11T14:30:46.523Z,1,我煮給妳吃啦，奶油烤牛肉片十片，蝦仁炒蛋二十顆蝦仁，香菇雞湯半只雞，飯是壽司米，飲料馬司馬肉巧克力，甜點哈根達斯,4,M
9568b788-59e4-4892-904f-aac95781f48f,234963825,2020-12-11T14:31:33.364Z,2020-12-11T14:31:33.364Z,2,青菜水果自己想辦法，不會處理,0,M
c54ab93f-3f9a-42d5-b0fb-95a6fce1aa68,234963825,2020-12-11T14:32:32.303Z,2020-12-11T14:32:32.303Z,3,B1 蛤 我是想問他的口味啦,0,F
3915e4fd-afc0-4c53-ae77-c729b5b2398a,234963825,2020-12-11T14:37:02.467Z,2020-12-11T14:37:02.467Z,4,沒關係下學期要換了,8,M
588b22e4-6847-4bcb-9504-a1b08221ca83,234963825,2020-12-11T14:37:28.044Z,2020-12-11T14:37:28.044Z,5,B3 我只是覺得我做的比較好吃,2,M
f6d33d0a-845f-40b1-ac8c-6bd2d919223d,234963825,2020-12-11T14:46:33.847Z,2020-12-11T14:46:33.847Z,6,燉飯難吃到死⋯⋯稀到一個不行⋯粥都還比它好吃,1,F
bed58ae9-6180-4323-a7b5-04340abf645e,234963825,2020-12-11T15:44:42.453Z,2020-12-11T15:44:47.211Z,7,是不是12/18之後結束營業~,5,M
bce6fc0c-6fde-487b-9272-d40f8e5b9369,234963825,2020-12-12T03:20:23.493Z,2020-12-12T03:20:23.493Z,8,"在台又是鎖定學生族群的低價位
妳是想要多道地😅",0,M
173d91a3-8f94-40bc-9f7c-c177a019f434,234963825,2020-12-12T03:46:57.247Z,2020-12-12T04:06:46.202Z,9,"B8 重點是他的味道不符合價格啊
好吃的話三百多我也接受😢
有一次還看到蟑螂在店裡亂竄⋯⋯",1,F
7ecc45c1-0b76-410c-9333-aa7860734a4f,234963825,2020-12-12T03:56:13.695Z,2020-12-12T03:56:13.695Z,10,"B9 早已習慣
所以不會去當盤子",1,M
809e216f-2e87-41b5-8d65-4f3d1052c775,234963825,2020-12-12T04:32:29.091Z,2020-12-12T04:32:29.091Z,11,"下禮拜就要換了
這個價錢跟品質就是來騙錢的
雖然再怎麼難吃都有人捧很正常
但態度差真的慢走不送",6,M
560aac95-9fda-4440-bcf1-72cdb92d31a1,234963825,2020-12-12T18:18:44.130Z,2020-12-12T18:18:44.130Z,12,跟小洋蔥比起來...200都可以吃牛排了 還我小洋蔥,2,M
96e84d11-de2a-44ce-a1e4-7a6d70f72bab,234963825,2020-12-13T04:34:52.505Z,2020-12-13T04:34:52.505Z,13,態度真的差,0,M
ef8ef372-379a-41fa-8fd8-0d63eaeb6b18,234963825,2020-12-13T08:42:02.790Z,2020-12-13T08:42:02.790Z,14,在校外不少義大利麵餐廳都比這間cp值高…,0,F
9f1f0169-b281-4081-a88b-247b551acebd,234963780,2020-12-11T14:22:45.563Z,2020-12-11T14:22:45.563Z,1,"？？？？？？？
有這種事？",0,F
041c9284-a631-4a70-ae75-5562679d6f1f,234963780,2020-12-11T14:23:35.186Z,2020-12-11T14:23:35.186Z,2,啊只，應該沒有人沒事會在地閱念書吧，平時很忙耶，看球，看演唱會，逛街，買東西，吃宵夜，夜唱，看劇，追番，健身，做料理，看電影，誰會再地獄念書阿,0,M
1351a6e6-d454-4b02-8ca7-eadeeab8d513,234963780,2020-12-11T15:11:47.312Z,2020-12-11T15:11:47.312Z,3,原來不行嗎？？,0,M
dbee5be3-0cbb-4efe-b589-f695f1f2f790,234963780,2020-12-11T15:49:11.197Z,2020-12-11T15:49:11.197Z,4,咦我記得沒有這種規定啊？？？？？是東吳學生都能用吧,0,F
2ecb383e-eace-4fca-98d4-c75414271101,234963780,2020-12-11T16:18:21.782Z,2020-12-11T16:18:21.782Z,5,都可以用歐，我常常在那邊睡覺,0,M
2ae17d09-0700-4663-b813-334ef31fbc9c,234963780,2020-12-11T19:00:02.882Z,2020-12-11T19:00:02.882Z,6,"謝謝大家回覆

很抱歉傳播錯誤資訊",0,F
c2f0bed9-f115-404f-a72d-2ecd2ae871b0,234963780,2020-12-12T01:38:58.154Z,2020-12-12T01:38:58.154Z,7,B6 不會阿，改天一起去看書,1,M
87b1be99-e2d3-4a95-8be4-e93d3f5343ef,234963780,2020-12-12T01:48:41.365Z,2020-12-12T01:48:41.365Z,8,B7 開讀書會(⁎⁍̴̛ᴗ⁍̴̛⁎),1,F
1b361016-db3e-41cf-b46e-7ed679e51d3f,234963780,2020-12-12T01:50:39.237Z,2020-12-12T01:50:39.237Z,9,好啊，一起來讀書,0,M
011b093b-09e4-4d78-a22a-b91b99fd8c20,234963780,2020-12-14T04:05:22.725Z,2020-12-14T04:05:33.867Z,10,,,
f3757a4a-5324-42a0-b9f6-bd25dd1cbc76,234961628,2020-12-11T08:28:06.469Z,2020-12-11T08:28:06.469Z,1,驚險刺激,0,M
db58f547-ef5c-4b4b-9650-059435b761ac,234961628,2020-12-11T11:17:50.635Z,2020-12-11T11:17:50.635Z,2,請旅客留意月台間隙,11,M
152c498a-3a67-4b87-93c2-18d095309d87,234961628,2020-12-11T11:23:15.010Z,2020-12-11T11:24:14.050Z,3,"我前幾個禮拜搭的時候也這樣
電梯門還自動又開又關 一出來看到電梯地板整個飄起來…怕夾人 就打旁邊的電話回報

接起來也沒問我是哪台電梯 
講的時候電梯跑上去 我就說好像比較
正常了
接的人說正常就好 然後就掛了

？？？好喔",2,F
d3505c6b-40f2-4aba-a3cd-3f3871eadfdd,234961628,2020-12-11T11:26:01.985Z,2020-12-11T11:26:01.985Z,4,歡迎來到我們的9又四分之三電梯，電梯口罰站,3,M
1eac13e7-3bdd-46f4-ba1f-dbb0604ac887,234961628,2020-12-11T11:37:50.676Z,2020-12-11T11:38:12.391Z,5,"我從十樓坐下來的速度忽熱變很快
之後還有幾次會一直自己開關
人多還會下陷有高低差😰
上次就有老師因為高低差直接摔出電梯超恐怖

現在死也不搭第二台電梯超可怕
不知道那天會不會被關在電梯裡",1,F
60fd0c38-f542-44b0-92c4-5cd72573cf34,234961628,2020-12-11T11:45:50.446Z,2020-12-11T11:45:50.446Z,6,雲霄飛車吧，免費六福村，貼心,0,M
9f17396a-15f0-4a71-b8b7-00e861a8af27,234961628,2020-12-11T12:47:28.744Z,2020-12-11T12:47:28.744Z,7,"b1 東吳自由落體
b2 那已經不是間隙而是階梯了😰
b3 太誇張了吧= =同樣問題喔還是沒改善啊
b4 飛起來
b5 照這樣看來已經是常態了 可是卻沒有任何警語或者封閉維修 學校真的在睡欸
b6 東吳可能覺得學生繳五萬學費不給我們一點遊樂設施太可惜◉‿◉",1,F
3cdf6b5a-157b-4ba3-a207-dd29f56c755b,234961628,2020-12-11T12:50:33.212Z,2020-12-11T12:50:33.212Z,8,我覺得不是學費的問題，我同學也是腳五萬，學校有蘋果mac五十幾台，四百多台電腦，游泳池，撞球場，三間健身房，這應該是愛的問題，在學校與學生之中，不被愛的才是第三者，哭哭,1,M
36ff9110-bc00-4c8c-a4cd-7833b32b9e4c,234961628,2020-12-11T12:55:02.512Z,2020-12-11T12:55:02.512Z,9,B8 哪間？,0,M
9de92c11-0f09-4012-8d56-1c2c90c4914a,234961628,2020-12-11T12:55:59.066Z,2020-12-11T12:55:59.066Z,10,B9 東方哈佛,0,M
c6988bb9-0495-4b01-b251-8d6261a2f09d,234961628,2020-12-11T15:59:01.052Z,2020-12-11T15:59:01.052Z,11,"B3 
大概是要等到有人出事了
這問題才會被重視吧
老實說這問題存在這麼久還滿誇張的",1,M
829b1d06-2496-496d-aa1c-43f07ed74119,234961628,2020-12-12T04:10:33.606Z,2020-12-12T04:10:33.606Z,12,"去年我也有跟學生會投訴
也跟學校反應，真的是完全沒有處理",0,M
7793a8fe-7c41-4f00-94f4-e5b90c206ed0,234960660,2020-12-11T05:13:19.905Z,2020-12-11T05:13:19.905Z,1,"真的欸
每次看到都想要把那些以為沒人看到的人拉出來打一巴掌
眼睛沒用處我也可以幫忙戳瞎
反正用不到",28,M
650ec186-dc74-4083-b4b0-c9d8314f3d01,234960660,2020-12-11T05:31:26.319Z,2020-12-11T05:31:26.319Z,2,對啊，愛擠電梯很討厭耶,2,M
15bcfb9f-c5ec-4c1f-a998-a84de4513e0b,234960660,2020-12-11T06:16:30.286Z,2020-12-11T06:16:30.286Z,3,放個屁就可以享受一人電梯了😀,8,M
d93d80ff-f791-4966-b30e-3b336f1da7b2,234960660,2020-12-11T07:30:51.064Z,2020-12-11T07:30:51.064Z,4,"上次在1F要搭電梯，B1的人直接塞爆，還聽到電梯裡面的人很得意的說「我就說要去b1搭吧」
有夠想巴蕊",23,F
9a00e6ca-19a0-4485-95c5-c60872f3ab2e,234960660,2020-12-11T08:27:32.027Z,2020-12-11T08:27:32.027Z,5,電梯大亂豆,0,M
fc5e018d-e006-40f5-9da7-fc7348d63851,234960660,2020-12-11T09:23:55.985Z,2020-12-11T09:23:55.985Z,6,"可憐啊 一堆好手好腳整天搭電梯
是不會晚一點上課喔",3,M
294f0ccb-5c3b-4041-8164-9284f16a8f9c,234960660,2020-12-11T10:22:46.692Z,2020-12-11T16:11:44.821Z,7,"認真問為什麼b棟電梯要設時間啊？？？
就是想省電費嗎
就只有一台了還設時間==
（如果是有需要的同學不是也可以直接排優先進去的位置嗎⋯⋯所以設時間到底有什麼意義？？？）",72,F
715a9a2b-00e5-40bc-bd8d-c792f5fa556e,234960660,2020-12-11T11:42:12.665Z,2020-12-11T11:42:12.665Z,8,https://i.imgur.com/P0CqTpr.jpg,1,M
632338ce-640f-4ea8-9b07-19dfc8b91feb,234960660,2020-12-11T12:29:35.858Z,2020-12-11T12:29:35.858Z,9,"講到這個 跟大家分享～
這星期二早上9：45左右 在B1等電梯 
我進去之後格子差不多滿了 我下一位女生也沒有要進來的意思
結果！排在第二位的女生竟然直接衝進來？？？？？
真的是驚呆我了 臉皮厚到不可思議 外面排第一個的女生也是嘴巴張超大 超傻眼
而且進來之後還直接站在橘框框外 我看著都尷尬
那時候就站在你對面 應該拍下來po低卡讓你紅的 太可惜了
@中長髮 戴眼鏡 以為自己很瘦 搭到四樓的女生
不知道是不是慣犯呢^ ^

BTW我覺得在一樓看大家進電梯的人應該到B1才對",3,F
15544580-84ba-46b7-b1b5-2941706d18bf,234960660,2020-12-11T13:18:39.408Z,2020-12-11T13:18:39.408Z,10,B9  天我今天看到的也是到四樓的女生，不曉得是不是同一個，硬要擠欸,0,F
f65f6b41-7a34-4ee6-b9d4-68509907d68d,234960660,2020-12-11T13:22:34.797Z,2020-12-11T13:22:34.797Z,11,"B10 真的是慣犯嗎🤣🤣
我只能說他簡直把電梯當557擠
上次因為我已經在電梯裡了不好意思說什麼

反正我下次再看到一定po上來啦",0,F
4d0ffcad-a756-4e12-98ec-b9206eb855a7,234960660,2020-12-11T13:22:36.120Z,2020-12-11T13:22:36.120Z,12,天氣冷，討個溫暖擠一下嘛,0,M
bba6cf6b-4139-4fc5-ad7e-a7512a8fefa1,234960660,2020-12-11T13:24:01.130Z,2020-12-11T13:24:01.130Z,13,妳們很弱耶，讓我遇到，我就直接講，直接約走出去玩,0,M
9d0c324d-f907-4dab-b742-8901f74e7e58,234960660,2020-12-11T13:43:48.814Z,2020-12-11T13:43:48.814Z,14,朝遲白帝財雲間，千里江陵一日還，金朝有酒金朝醉，明日無錢明日愁，有妹擋路在電梯，十秒搭訕出去玩，把酒當歌人生幾何，人生五十年如夢似幻，嗚呼哀哉 東吳李白,0,M
71fa74c3-e511-444e-8096-ee5038b6746f,234960660,2020-12-11T13:57:04.170Z,2020-12-11T13:57:04.170Z,15,"B7 應該是要讓真的需要的人可以優先搭吧
受傷行動不便的跟老師
有電梯卡才能搭這樣",3,F
7e797c97-a7a2-4d7f-9725-03dba53eed21,234960660,2020-12-11T14:04:47.543Z,2020-12-11T14:04:47.543Z,16,"b15 不管有沒有管制他們本來就都優先搭啊
正常來講就是會禮讓他們啊
這設計真的超爛==",7,F
58cc4c52-60c6-4b4e-8efe-77e6a7f8182a,234960660,2020-12-11T14:12:11.728Z,2020-12-11T14:12:11.728Z,17,"B16 那是你沒遇過 我就看過全部擠滿沒人願意讓給輪椅進去的狀況
如果不設時間他們就都不用準時到了",5,M
a20cf248-20f5-45ce-8d4c-ca8f9e107b46,234960660,2020-12-11T14:14:37.237Z,2020-12-11T14:14:37.237Z,18,泡咖啡讓妳暖手，擋我電梯擠我位子，明明就沒有位子，一個閃現就擠過來，愛可以不問對錯，不要再電梯擠我，聖誕節就要來了，其中又被當，其實選錯了課，每天都在地獄裡過，歐趴快樂，放閃快樂，只有單身是我的，母胎單身是我的錯，心裡的帥沒有人懂，祝大家聖誕分手節快樂,0,M
c8182c41-1edf-4a37-af2d-8fe59e7c40ae,234960660,2020-12-11T16:10:35.403Z,2020-12-11T16:10:35.403Z,19,"B15 
可是不管有沒有設時間都會讓他們先搭呀！ 
地板上有貼優先順位的標誌啊
所以只要有需要的人都可以排那啊 
同b16😢！ 
這制度真的爛爆了",2,F
4669de68-a12e-43ec-be67-fe01c1369e4d,234960660,2020-12-11T16:47:52.078Z,2020-12-11T16:47:52.078Z,20,B8 閉嘴啦,4,F
ec33205e-07fa-4079-9678-6e63deef6120,234960660,2020-12-11T16:50:09.116Z,2020-12-11T16:50:09.116Z,21,"真的很煩 時間限制也很垃圾
上次B1內已經滿了
有一個身型略大的人硬要進來佔了1F的一半
有一個男同學去拍他說：欸同學
他直接裝聾把電梯門關上上樓",5,F
0e69331f-2abf-4e54-8794-d1aa7f3890a1,234960660,2020-12-11T18:26:32.183Z,2020-12-11T18:26:32.183Z,22,"B棟當初只蓋一座超小電梯就已經超詭異了，還限時間真的不知道在幹嘛？可能就像B17說的這種情形吧

既然不可能憑空生出一部電梯，那大家有點常識跟同理心看到B1那邊滿了就不要再硬塞了好嗎？

搞得人家要叫妳出來搭下一班
妳尷尬我也尷尬又何必
還有人搶先身障生擠進來
幹真的無恥到瞬間空氣凝結",7,F
013bc69d-e10d-4b97-a21a-860462012497,234960660,2020-12-12T03:45:59.302Z,2020-12-12T03:45:59.302Z,23,我也遇過從B1上來，結果整台電梯全滿，超傻眼,0,F
cb955fda-fdda-447d-af97-13c95403e8af,234960660,2020-12-12T05:08:39.305Z,2020-12-12T05:08:39.305Z,24,"設這個裝置反而會讓大家不想讓身障或有需要的人搭吧
能搭的時間這麼有限 好不容易排到
假設你都搭到二樓結果電梯打開有坐輪椅的同學需要搭電梯
大家根本捨不得讓吧 會想等等他們就有卡之類的
但如果都開放 會不會真的讓他們也都搭不到也很難說
我覺得老師能優先也是蠻莫名
除非老師年紀也比較大膝蓋不好之類
我們不都一樣好手好腳 一樣也在趕教室趕課嗎
看到兩三個老師一起直接優先進去真的蠻不爽欸
他們也有卡啊 等等搭也行吧

追根究底電梯真的少到悲慘
蓋一堆沒用的東西也不好好規劃怎麼改善電梯的問題",6,F
77392db4-e088-4dd3-a418-a9b0e452aee1,234960660,2020-12-12T05:20:42.634Z,2020-12-12T05:20:42.634Z,25,之前等了十分鐘電梯 好不容易排到第一個 想說幸運可以搭到管制時間前的最後一班 結果B1的人直接塞好塞滿^_^ 只留給1樓兩個人的空間（一個老師&一個優先搭的同學）跟朋友直接傻眼 前面等十分鐘是在等心酸的😡,1,F
ddf02050-f5fe-4cac-8563-95b4d399fa47,234960660,2020-12-12T05:20:43.723Z,2020-12-12T05:20:43.723Z,26,B7 那個時間其實是給老師搭的,2,M
c24ef87b-7189-4e9b-94b5-e4730292cf4a,234960660,2020-12-12T05:27:41.975Z,2020-12-12T10:01:25.651Z,27,"1990年B棟原本的設計理念說是""綠建築""
(笑死
所以原本沒有電梯，也沒有冷氣電風扇
樓梯超級多，天花板為了通風不封住
所以2樓會下雨(現在還是會喔
其實就是想省錢啦，至於被省下的錢：)
照理說八層樓的B棟一定要蓋電梯
但我忘記學校用什麼手段迴避掉了
而且那個時候學校也不會理學生意見.....
現在還是一樣啦，笑死室跟20%
結果因為爬樓梯很累夏天又太熱
是教授不願意在B棟上課，變蚊子館
才加裝電風扇，後來才有限制很多又不冷的冷氣，跟一座小電梯
管制時間只是為了讓教授能搭電梯才加的
電梯橘色格子的規定是三年前才有的
我不確定更之前有沒有類似的規定
三年前大家都在一樓進電梯下去再上樓
雖然現在還是一堆人這樣==
幫大家考古一下，可能會有些細節我記錯但差不多是這樣~",6,M
60ff9408-08b2-4889-bd61-edd6f0abed45,234960660,2020-12-12T09:00:53.129Z,2020-12-12T09:00:53.129Z,28,"沒有限制時間：會讓某些人不禮讓，因為不用卡
有限制時間：還是會有人不禮讓，因為想說趕著上課先上電梯再說

所以會讓的人就是會讓，不會的就是不會，而且有沒有卡只是會造成不同不禮讓的原因，根本沒差，沒有時間限制還能多兩批人搭電梯的時間。",1,F
536d2d0c-e59e-4b20-85d2-eab8c84f9342,234960660,2020-12-12T13:19:20.166Z,2020-12-12T13:19:20.166Z,29,"沒時間限制大家還能快一點
不禮讓的人就是不會讓
會讓的人還是會讓
花錢蓋一堆東西整修一堆東西
就是不裝電梯呢",0,F
6fecdc92-4a6c-493f-9ee7-02e8eac29b65,234960660,2020-12-12T13:21:04.960Z,2020-12-12T13:21:04.960Z,30,好像為了健康叫大家多走樓梯,0,M
b700aeac-5ec7-4f1e-9ca1-0a3ea452d86c,234960660,2020-12-12T15:06:41.353Z,2020-12-12T15:06:41.353Z,31,我覺得整個B棟的設計就很有問題，電梯每次都擠爆，劃分區域其實也沒什麼意義，還不是照樣塞：）,1,F
5537c04b-e436-4f31-890d-2d64a3577028,234960660,2020-12-12T15:21:01.604Z,2020-12-12T15:21:01.604Z,32,其實解決方法很簡單，就是除了受傷不方便的人員外，全部禁用電梯，不就很順暢了嗎，跑上去也不用幾十秒，奔跑吧夥計,1,M
c36c282a-a6b8-4680-a482-e625e8f8b87d,234960660,2020-12-12T15:24:02.052Z,2020-12-12T15:24:02.052Z,33,馬上去跟學校建議，相信以校方的思考領域，一定會認為減少使用維護經費，且減少紛爭馬上同意的，使B棟達到真正的綠建築，節能減炭愛地球，又是功勞一筆,0,M
a74b5594-22fc-4be0-873a-c4371f64e85b,234960660,2020-12-12T16:37:10.208Z,2020-12-13T07:45:39.602Z,34,B32 生理痛爬樓梯不方便算嗎？算的話那還是一樣塞吧 更不用說那些為方便假痛的人了,0,M
17f1880b-2267-4a81-b5be-19117b81945a,234960660,2020-12-12T17:18:35.079Z,2020-12-12T17:18:35.079Z,35,開場先清一半，問題就少一半了，剩的給大家慢慢鬥,0,M
842c8999-9a27-40d6-b434-dd8f4e41e7ef,234960660,2020-12-12T19:21:12.097Z,2020-12-12T19:21:12.097Z,36,"B24 認同 好手好腳的老師為什麼要跟著有優先權
上次下一個可以進去的就是我了啊
結果被一個能'優先'的老師佔滿
好的我又要等下一班",0,F
764dd529-3b26-4ccf-93b6-7ccc808394e2,234960250,2020-12-11T04:06:13.901Z,2020-12-11T04:06:13.901Z,1,"香油吧？
或是油蔥、味精、鹽巴之類的😂

你可以去問阿姨他說不定會跟你說",2,M
d3666fe6-a988-45ba-b114-1bb4b06ed46f,234960250,2020-12-11T07:34:30.075Z,2020-12-11T07:34:30.075Z,2,我也覺得是香油的香味~,1,F
eb8a3584-c021-4d80-96ee-d68a465639c8,234960250,2020-12-12T05:50:12.737Z,2020-12-12T05:50:12.737Z,3,"因為便宜又好喝吧
真香",1,M
08f2f863-04b7-4eb4-ba70-e22f2670d077,234960250,2020-12-12T06:53:26.987Z,2020-12-12T06:53:26.987Z,4,因為阿姨很香吧,0,M
4f5a4b80-630c-49b4-9793-6231cfa64317,234960249,2020-12-11T04:17:24.058Z,2020-12-11T04:17:24.058Z,1,臉書呢~,0,F
13f4b8b0-3da4-4625-8708-31189f085b72,234960249,2020-12-11T12:47:07.873Z,2020-12-11T12:47:07.873Z,2,fb 東吳二手書,0,F
4e9e7ee7-d267-4555-9590-bcecd47fe6f1,234960199,2020-12-11T05:32:19.345Z,2020-12-11T05:32:19.345Z,1,該減肥了QQ,1,M
8f19adb6-8cb7-4b1f-84f4-74763abdfda3,234960199,2020-12-11T05:34:34.243Z,2020-12-11T05:34:34.243Z,2,"B1 額是長度問題
要說的話應該是
該縮骨了(?",5,F
b98a999a-c8ec-4078-8ca1-61880c730cb2,234960199,2020-12-11T05:35:30.799Z,2020-12-11T05:35:30.799Z,3,B2 秒回耶，反正拍丸就還回去了，沒差啦,0,M
93768a39-afe7-4fde-8c7b-43259f4ed4be,234960199,2020-12-11T05:37:10.784Z,2020-12-11T05:37:10.784Z,4,"B3 因...因為跳通知ㄌ_(:3 」∠)_
要借到畢業那天餒(・へ・)",4,F
6df994b6-6a34-4c43-a2c5-d657b93afbbd,234960199,2020-12-11T05:39:19.474Z,2020-12-11T05:39:19.474Z,5,B4 所以縮骨正解QQ,0,M
8c7ba332-52a3-4346-99ae-8a50b039707e,234960199,2020-12-11T05:43:24.707Z,2020-12-11T05:44:01.984Z,6,B5 嗚嗚(；д；),0,F
3fcb0d71-7327-42e4-aecf-3a0ed3d20c1f,234960199,2020-12-11T05:46:55.645Z,2020-12-11T05:46:55.645Z,7,B6 好可憐，原波多高壓,0,M
720d7ce2-d7f8-47e2-b7e7-eb7162d1c668,234960199,2020-12-11T06:09:47.480Z,2020-12-11T06:09:47.480Z,8,我174租M號耶哈哈哈😂,0,M
016ce0a9-c763-453c-be2d-40f8ad9cc823,234960199,2020-12-11T07:35:32.064Z,2020-12-11T07:35:32.064Z,9,"原po拍合照時沒去嗎 ˊ ˋ
合照當天時穿m的",0,F
55544b09-1e0d-4327-8f6e-e02e6d6ec987,234960199,2020-12-11T08:29:50.666Z,2020-12-11T08:29:50.666Z,10,為什麼長那麼高！嗚嗚我也想要！,0,F
e851ba24-e047-45f3-80ae-5b6cfcb01e64,234960199,2020-12-11T08:36:09.691Z,2020-12-11T08:36:09.691Z,11,我也要,0,M
0f8542b8-c5b9-4bf2-9e6b-9c51980ad601,234960199,2020-12-11T08:36:26.207Z,2020-12-11T08:36:26.207Z,12,進擊的巨人,0,M
1cf5ca55-62a1-4e9f-9fa6-29fce9eef444,234960199,2020-12-11T08:36:30.665Z,2020-12-11T08:36:30.665Z,13,"B8 咦！！！為什麼呀OAO
B9 我...我邊緣轉學生((小聲
B10 我分給妳！！！我不想要這麼高嗚嗚嗚(つД`)",0,F
a5867952-d9a6-41cb-aab2-bf0ae58f247e,234960199,2020-12-11T08:37:05.195Z,2020-12-11T08:37:05.195Z,14,"B11 要什麼wwwww
B12 我也不想喇థ౪థ",0,F
9d0321f5-b649-401f-b2a2-82b8a4dd9b3a,234960199,2020-12-11T08:39:11.193Z,2020-12-11T08:39:11.193Z,15,巨人加油，第四季出了,0,M
1bd8e94b-d78c-4326-938b-2eb80a398c8f,234960199,2020-12-11T08:39:48.023Z,2020-12-11T08:39:48.023Z,16,我先吃個燒辣,0,M
0d77c2e4-f78d-4479-88d4-3f49d2ab96a6,234960199,2020-12-11T08:52:20.881Z,2020-12-11T08:52:20.881Z,17,B13 因為我很瘦哈哈哈,0,M
3d87bd44-b10d-4bad-8b59-bef14a251b9f,234960199,2020-12-11T10:58:59.155Z,2020-12-11T10:58:59.155Z,18,https://i.imgur.com/eUOoaec.jpg,1,F
2da0d28b-b710-4560-aa17-1da8b651a472,234960199,2020-12-11T11:00:36.069Z,2020-12-11T11:00:36.069Z,19,"B18 噢噢謝謝你！！！
終於有人直接回答我了😂
看來我拍照只能儘量拍膝蓋以上惹_(:3 」∠)_",0,F
4b288895-bb05-405f-a588-e85caaa404a7,234960199,2020-12-11T11:19:57.523Z,2020-12-11T11:19:57.523Z,20,B19 我們拋磚引玉，總算引出來了，不客氣,0,M
595f892a-99ae-4012-b414-86d2dc9aac17,234960199,2020-12-11T11:30:56.667Z,2020-12-11T11:30:56.667Z,21,"B20 哈哈哈哈哈哈哈
謝囉XDD",1,F
22740b36-5764-4e67-8322-66e3c328c21b,234960199,2020-12-11T11:40:21.867Z,2020-12-11T11:40:21.867Z,22,B21 不謝歐，要不要一起看鬼滅,0,M
47d9bbbe-2031-4890-8a7e-9e7ad5ae625d,234960199,2020-12-12T13:17:27.087Z,2020-12-12T13:17:27.087Z,23,原po穿起來到哪啊😂,0,F
2584d390-06b3-48c5-9dad-baf035f8d2aa,234960199,2020-12-12T13:21:33.247Z,2020-12-12T13:21:33.247Z,24,好像變成迷你裙,0,M
8a60ce18-84de-40f5-a3b7-4fdf266ef78b,234959798,2020-12-11T02:38:06.858Z,2020-12-11T02:38:06.858Z,1,"一定要去參加啦

是要漲屁喔😂


但是應該是「調」吧？",2,M
2d1b06fe-aa25-4280-9106-040bcad9f5cc,234959798,2020-12-11T02:39:04.322Z,2020-12-11T02:39:04.322Z,2,B1 感謝～  改了👍,0,M
050c0884-1464-499e-b787-87101af7e96a,234959798,2020-12-11T11:42:56.464Z,2020-12-11T11:42:56.464Z,3,泉思會漲嗎？,0,M
f38e466d-7ace-4b2a-bdec-560edb321f67,234959798,2020-12-11T14:23:16.654Z,2020-12-11T14:23:16.654Z,4,"不會啊 B3 

內文說

一、110學年度學生宿舍宿舍費調漲案業經109學年度第1學期（109.11.18）學生事務會議審議通過。本次調漲榕華樓、柚芳樓、松勁樓、合江學舍、合楓學舍、合樂學舍共6棟宿舍費，漲幅20％。

二、為使全校師生更加瞭解宿舍費調漲之相關資訊，故於兩校區各辦一場說明會，敬邀全校師生踴躍參加，說明會時間、地點如下：
　（一）城中場：109年12月21日（一）中午12時，5117會議室。
　（二）雙溪場：109年12月30日（三）中午12時，望星廣場。

三、注意事項：
　（一）配合新冠肺炎防疫措施，請自備口罩入場，如有發燒或呼吸道相關症狀者，請勿出席。
　（二）城中5117會議室禁止飲食，請勿攜帶食物、飲料入內。",1,M
9e9c2c06-4e98-47fd-bad6-1530bed50549,234959798,2020-12-12T05:52:25.960Z,2020-12-12T05:52:25.960Z,5,既然是說明會，意思是不是確定會漲阿....,0,M
c71d8990-8374-4d2e-92dd-49e52576c630,234959798,2020-12-12T06:51:47.860Z,2020-12-12T06:51:47.860Z,6,"B5 對啊
之前學校已經在會議上過了😂",0,M
b2014821-b54f-415f-906e-0d3b965403d5,234957406,2020-12-10T14:56:34.373Z,2020-12-10T14:56:34.373Z,1,想問明天晚上會很冷ㄇ,0,F
6e7c496f-f16d-434d-b8c0-d1af138be3e3,234957406,2020-12-10T14:58:17.558Z,2020-12-10T14:58:17.558Z,2,B1 不會！20~23度,0,M
5ca09058-88d3-4bd4-8667-8324f8d84d4b,234957406,2020-12-10T15:11:56.007Z,2020-12-10T15:11:56.007Z,3,B2 謝謝,0,F
94c11ca1-474b-4e75-9361-a93a9bd680e7,234957406,2020-12-10T16:40:20.766Z,2020-12-10T16:40:20.766Z,4,乾 下雨到底要下到民國幾年 衣服都曬不乾啦濕氣超重😭,0,F
d9624536-1934-4dd5-83cb-01f4f1c6e6ce,234957406,2020-12-10T16:41:17.477Z,2020-12-10T16:41:17.477Z,5,B4 天機不可洩露，下禮拜三之後有可能慢慢轉晴！,0,M
60425ab5-faa3-494d-b42e-9da42c09cf9f,234957406,2020-12-10T22:20:29.897Z,2020-12-10T22:20:29.897Z,6,推推報馬仔～💗,0,F
6b01bac8-6b08-4bcd-91dd-5bdfd8d9b17e,234957406,2020-12-11T13:48:35.131Z,2020-12-11T13:48:35.131Z,7,推推～最後的長輩圖好好笑😂,1,F
b6e0832a-4486-43bd-8c76-bbb9656a91e2,234957357,2020-12-10T15:05:20.907Z,2020-12-10T15:05:20.907Z,1,我有,0,F
55d0de9a-1a54-4a9b-81c0-504c01be4c5d,234957357,2020-12-10T15:10:09.543Z,2020-12-10T15:10:09.543Z,2,B1 請問你有賣它的意願嗎?,0,F
70e24d2f-0824-4c7d-a63d-710efe7bfff7,234957357,2020-12-10T15:10:32.257Z,2020-12-10T15:12:20.793Z,3,可以啊，是有使用過的,1,F
d0d53a10-0d25-423c-8ef3-9409e939b0ca,234957357,2020-12-10T15:13:28.835Z,2020-12-10T15:13:28.835Z,4,"B3 沒問題的🥺
請問你什麼時候方便，還有想賣多少呢？",0,F
02554634-3e9c-4424-97b1-f5f69584ebfb,234957357,2020-12-10T15:20:15.695Z,2020-12-10T15:20:15.695Z,5,"如果約學校(城中區）下週一或二可以嗎？
不然就明天約藍線捷運站，西門或你要哪裡？大概中午的時候
   價錢...500？",0,F
3d86edcc-7a14-4989-b8cd-d517018d87ae,234957357,2020-12-10T15:24:51.915Z,2020-12-10T15:24:51.915Z,6,"B5 那明天接近13.時，約在西門捷運站可以嗎？
價錢沒問題👌！",0,F
3325c982-206e-401c-84ef-cc001309173c,234957357,2020-12-10T15:25:44.734Z,2020-12-10T15:25:44.734Z,7,好，到時候怎麼聯絡？,0,F
d73b2732-2857-42ab-a4c0-aa3e9adc2ebd,234957357,2020-12-10T15:31:55.822Z,2020-12-10T15:32:14.211Z,8,"B7 我明天會穿黃色帽t、深色牛仔褲
12:55～13:00（西門站3號出口）",0,F
da265374-d486-4bce-b9fc-a220578fad0b,234957357,2020-12-10T15:33:11.432Z,2020-12-10T15:33:11.432Z,9,"好
如果到時候有狀況再來這留言",1,F
c3cb3c85-e233-4120-b7bc-8e1d5eb758ce,234957357,2020-12-11T03:51:36.315Z,2020-12-11T03:51:36.315Z,10,"B9 我應該能提早到！
你想約原本的時間還是提早呢？",0,F
c0472ec2-05cd-40b7-b69a-5f36795f5d20,234957357,2020-12-11T04:04:13.613Z,2020-12-11T04:04:13.613Z,11,約原本時間好了，我已經到西門附近了，不過想先去吃午餐,0,F
81d74e97-54a8-4f12-979e-12e527cfacbf,234957357,2020-12-11T04:05:41.794Z,2020-12-11T04:05:41.794Z,12,B11 沒問題～～,0,F
76f7b2e6-67ce-4f0d-bbf6-437842ac4ba6,234957357,2020-12-11T05:01:26.992Z,2020-12-11T05:01:26.992Z,13,我到了,1,F
feab5bce-32cd-49de-ab64-6f19c11bc6ad,234957342,2020-12-10T15:04:29.865Z,2020-12-10T15:04:29.865Z,1,肯德基爺爺,7,M
62c49084-636f-4424-ad8d-a2cf496a2aa3,234957342,2020-12-10T15:09:35.759Z,2020-12-10T15:09:35.759Z,2,"B1
希望B棟五樓能開肯德基  (◍•ᴗ•◍)
肯德基的早餐超好吃 ❤️",10,F
26d8b8e5-d9e6-4843-8614-53e71b3d1f22,234957342,2020-12-10T15:11:53.523Z,2020-12-10T15:11:53.523Z,3,B2 我做給妳吃阿，每天妳的書桌就是肯德基,1,M
b1540f3d-d362-4d2c-a4eb-b3c7cd7019ba,234957342,2020-12-10T15:13:19.087Z,2020-12-10T15:13:19.087Z,4,歐式經典總匯歐姆蛋燒餅套餐,0,M
b9407073-3bf0-4d09-8515-6135dee06c16,234957342,2020-12-10T17:18:53.497Z,2020-12-10T17:18:53.497Z,5,B2 我可以分享我的肯德基給妳,0,M
cd5edb83-1053-4977-819b-0bda746530d6,234957342,2020-12-11T14:32:26.030Z,2020-12-12T07:43:52.158Z,6,,,
0b7531fd-e598-4d77-a4cd-0aa75a3ee1ed,234957342,2020-12-12T02:39:16.072Z,2020-12-12T02:39:16.072Z,7,"B3
B5
你們是暖男 ｡◕‿◕｡( ╹▽╹ )",0,F
ea5d52d8-3a28-433d-9c5d-fa7b4a7d304d,234957342,2020-12-12T02:52:54.228Z,2020-12-12T02:52:54.228Z,8,B7 一點都不暖，只是煮著自己的鮭魚定食的宵夜，想到有人吃不到喜歡的早餐，就覺得可惜，希望大家都能吃到自己喜歡的食物，過著想過的生活，舒服的度過每一天，我們一點都不暖歐,0,M
5ed7525f-7296-4bd0-9ba5-38b1204c4bb9,234957342,2020-12-12T05:00:23.618Z,2020-12-12T05:00:23.618Z,9,"B8 
還會做飯
新好男人 (ʘᴗʘ✿)",1,F
783261c0-237f-4726-b283-f970038b11e4,234957342,2020-12-12T05:38:17.924Z,2020-12-12T05:38:17.924Z,10,B9 沒辦法，現在外面食物越來越貴，又不好吃，只好自己來,1,M
58a73cc8-3b56-49ab-bc22-e5b7ee889f75,234957342,2020-12-12T09:23:51.465Z,2020-12-12T09:23:51.465Z,11,這個歪樓⋯,1,M
a6c17e48-9df8-4da0-826c-29c4f8833d9a,234957342,2020-12-12T09:28:35.751Z,2020-12-12T09:28:35.751Z,12,樓就是用來歪的,1,M
c706a171-f351-4228-ae87-9f04fb336e37,234957292,2020-12-10T15:05:06.717Z,2020-12-10T15:05:06.717Z,1,卡片出走,0,M
d923a309-4647-4bfa-935b-9e7733920dc9,234956961,2020-12-10T14:11:37.813Z,2020-12-10T14:11:37.813Z,1,同學幫推,1,M
03944caa-3892-4059-af9e-1d22008a68d3,234956961,2020-12-10T19:01:50.115Z,2020-12-10T19:01:50.115Z,2,怎麼一堆人掉Airpods 是不是東吳晃一圈就能湊一對出來,5,M
3daa3309-198b-4a05-9d84-45f728a5ee45,234956684,2020-12-10T13:43:14.451Z,2020-12-10T13:43:14.451Z,1,好的,0,F
e04a7a67-832d-42ac-874e-aa7b6d7a4af4,234956684,2020-12-10T17:19:29.599Z,2020-12-10T17:19:29.599Z,2,超慘，,0,M
73a12e7d-59d2-45a2-9b87-e6fe258471e6,234956670,2020-12-10T13:23:37.100Z,2020-12-10T13:26:52.542Z,1,"你好快🤣

話說我搭捷運 高架的那種
差點以為要飛出去惹🙃",17,F
ebd42d60-d10f-4102-8e8b-6277e2d54e1f,234956670,2020-12-10T13:23:44.055Z,2020-12-10T13:23:44.055Z,2,晃很大欸ಥ_ಥ,1,F
1c728d1c-ea26-4218-9a36-8d48c35ef9a1,234956670,2020-12-10T13:23:46.404Z,2020-12-10T13:23:46.404Z,3,我住桃園都超有感～,0,M
840edd98-97c7-4505-956c-5ede3e6ecc7a,234956670,2020-12-10T13:23:51.716Z,2020-12-10T13:23:51.716Z,4,而且還是上下左右都有 🤯,5,F
f268cf81-13c5-4d9e-9220-0f17b5e7888a,234956670,2020-12-10T13:23:54.761Z,2020-12-10T13:23:54.761Z,5,也太快🤣,0,F
4f284651-bd64-4195-96e3-54cfb7118202,234956670,2020-12-10T13:24:20.703Z,2020-12-10T13:24:45.685Z,6,需要地震預報(強人所難xD),1,M
bc517ab8-eb75-439d-9f99-7c3407eea3c5,234956670,2020-12-10T13:25:13.227Z,2020-12-10T13:25:13.227Z,7,我在一樓也超晃,2,F
13a899d2-486b-48e2-b336-3c3ffb534349,234956670,2020-12-10T13:26:07.951Z,2020-12-10T13:26:07.951Z,8,"好久沒感受到這麼大的地震，差點奪門而出😂
不過擺在櫃子上的東西意外地都沒有位移，還好不用重新整理",2,M
47a8e589-3573-48a5-b8eb-9fdc426396d1,234956670,2020-12-10T13:26:32.836Z,2020-12-10T13:26:32.836Z,9,很大；）,0,F
7f847038-2045-48b1-aaf9-fbb61ad740c3,234956670,2020-12-10T13:29:05.318Z,2020-12-10T13:29:05.318Z,10,雲霄飛車,0,M
f5a71d73-77b0-40cd-84d5-82ccd4d0e9cc,234956670,2020-12-10T13:34:06.396Z,2020-12-10T13:34:06.396Z,11,https://i.imgur.com/DpD9khi.jpg,0,M
1a5c6024-b18e-4721-85b9-309d46c61086,234956670,2020-12-10T13:43:09.504Z,2020-12-10T13:43:09.504Z,12,b0     21：「20」分地震,0,F
7a01a022-17b6-4ab5-805b-d059dc343d6e,234956670,2020-12-10T13:59:14.076Z,2020-12-10T13:59:14.076Z,13,B12 改了😂,0,M
8e937ff4-ba06-4d60-874d-0c15189e96fb,234956670,2020-12-10T14:00:16.169Z,2020-12-10T14:00:16.169Z,14,B6 牛牛什麼時候要翻身我無法知道😂,0,M
3a9d12ca-1283-4f22-8d5a-d7b5627a0295,234956670,2020-12-10T18:18:19.732Z,2020-12-10T18:18:19.732Z,15,又又又晃了,0,F
c09070b8-5228-4bcd-87a0-c6ae49118983,234956670,2020-12-10T18:24:12.560Z,2020-12-10T18:24:12.560Z,16,B15 我手機警報又叫了但我沒感覺😂,0,F
c9d1f77c-1457-48ff-80fc-e66711146cea,234956670,2020-12-10T18:24:52.493Z,2020-12-10T18:24:52.493Z,17,B16 我沒被警告 但很有感覺 😂,0,F
6fb53e92-469d-4444-96f1-a43dce96b5d7,234956670,2020-12-10T18:33:44.196Z,2020-12-10T18:33:44.196Z,18,難道是震震果實,0,M
89d4d89c-fa30-4c49-a3e9-dabf5ee6b6f4,234956670,2020-12-10T20:01:29.693Z,2020-12-10T20:01:29.693Z,19,"此為餘震
https://i.imgur.com/4Cr6awv.jpg",2,M
6d9e7763-917c-4a9f-9d47-8b965941f192,234956670,2020-12-11T04:39:27.833Z,2020-12-11T04:39:27.833Z,20,對不起昨晚滑了一下 打擾大家了,1,M
d516abda-676b-4514-8e17-848524d3fc02,234956670,2020-12-11T05:02:42.742Z,2020-12-11T05:02:42.742Z,21,"有 上班上到一半很防災演習的躲到桌底：）
國小到高中學校訓練出來的本能反射動作",0,F
ded0e425-dd88-4efb-a7e4-5e0f0879125c,234956670,2020-12-11T05:31:58.128Z,2020-12-11T05:31:58.128Z,22,我馬上抱著我的宵夜躲起來,0,M
de798b44-6de8-4729-9b18-6383a9e63629,234956670,2020-12-11T07:38:49.161Z,2020-12-11T07:39:04.883Z,23,"話說大家有覺得這次的警報好像進步了嗎？
之前地震都是在搖完或一半才開始叫
昨天第一次地震我還沒意識到發生什麼事警報響了才發現是地震 原本以為是大卡車經過
後來第二次的餘震我被震醒的同時警報也響了",1,F
3f7d0fb8-b1ff-40e2-8e46-a3c033e7846c,234956670,2020-12-11T08:07:38.039Z,2020-12-11T08:07:38.039Z,24,B23 有！超有感誒！原來不是只有我一個人有感覺到！,1,F
65f6c0cd-4635-4dbd-a985-3faa77513d26,234956670,2020-12-11T08:28:36.220Z,2020-12-11T08:28:36.220Z,25,B24 就搖搖樂,0,M
a4afce59-6c38-42fd-bdba-b82deea935d9,234956670,2020-12-11T13:55:57.727Z,2020-12-11T13:55:57.727Z,26,"我在R909寫考卷
地震晃到頭很暈，差點吐在考卷上🤮",0,F
5fd4ac75-deaa-483a-9923-db0c19e2cb3d,234955384,2020-12-10T14:22:57.163Z,2020-12-10T14:23:34.046Z,1,我的11/14就匯入了欸,0,M
0d0bedd8-7b21-43b7-bcd9-ce8603591518,234955384,2020-12-11T05:48:32.786Z,2020-12-11T05:48:32.786Z,2,早下來了,0,M
401607a3-466b-4e3d-9f8b-4b37bce1f569,234954862,2020-12-10T08:45:11.295Z,2020-12-10T08:45:11.295Z,1,酸梅汁,0,M
f49ffa19-7cc1-497b-be03-0769ef181d18,234954862,2020-12-10T08:53:48.288Z,2020-12-10T08:53:48.288Z,2,草莓牛奶嗎？！那個很好喝😍,8,F
395390ef-2775-46bd-b24e-717bb15cd259,234954862,2020-12-10T09:06:09.423Z,2020-12-10T09:06:09.423Z,3,你可以下次去點說：妳要一杯很少女的飲料，看店員怎麼推薦妳,12,M
a25778a3-8cf0-4a73-8061-40e54da5db57,234954862,2020-12-10T12:42:53.513Z,2020-12-10T12:42:53.513Z,4,月經,4,M
74ec516b-cb3d-477f-9424-6cfc67c039c6,234954862,2020-12-10T12:51:45.369Z,2020-12-10T12:51:45.369Z,5,碧血流沙海底撈,1,M
48fc23ae-0ebc-465f-8a17-a270cdf2f62d,234954862,2020-12-10T13:43:46.770Z,2020-12-10T13:43:46.770Z,6,B1 如果有就好了...,0,M
33d6e8ba-fb28-4e5d-915d-718de88259bd,234954862,2020-12-10T13:52:10.181Z,2020-12-10T13:52:10.181Z,7,超商有,0,M
c3469d82-da2d-43f5-ac5c-8442b679d588,234954862,2020-12-10T14:12:56.064Z,2020-12-10T14:12:56.064Z,8,草莓牛奶超級好喝！,0,F
e8cd1cdf-1876-46e7-9767-107b2c865011,234954862,2020-12-10T14:13:00.248Z,2020-12-10T14:13:00.248Z,9,草莓牛奶！,0,F
5677c39a-3d03-440a-ab16-2e3717c29a72,234954862,2020-12-10T14:13:45.220Z,2020-12-10T14:13:45.220Z,10,B7 不好喝,0,M
30b15f19-63e4-4d29-a139-182b2c4b75de,234954862,2020-12-10T14:14:27.389Z,2020-12-10T14:14:27.389Z,11,加減啦,0,M
414e319f-442e-4acc-a666-5cfdac106246,234954862,2020-12-10T14:49:38.267Z,2020-12-10T14:49:38.267Z,12,"B2 下次點看看！
B8 B9 感謝大家",1,F
2ac68a68-ca1b-4f8b-ac8d-5027dad5905c,234954862,2020-12-10T15:05:33.535Z,2020-12-10T15:05:33.535Z,13,不客氣,0,M
639bbca4-9d98-4392-9fc3-8cdfc1cdbbc4,234954862,2020-12-13T02:30:30.139Z,2020-12-13T02:30:30.139Z,14,"個人覺得也有可能是木瓜牛奶
提醒一下有的店員會幫你搖均勻，就沒有漸層的感覺",0,M
82404f62-d3ad-4c5e-b3b7-3843f5090739,234954862,2020-12-14T03:53:07.545Z,2020-12-14T03:53:07.545Z,15,"草莓牛奶半糖微冰 推推🥺
沒喝過的一定要試試看",0,F
d56cc45b-549e-4967-bd1b-57947560d7c9,234954862,2020-12-14T04:59:27.978Z,2020-12-14T04:59:27.978Z,16,我剛開學的時候幾乎每天一杯草莓牛奶大杯微糖去冰,0,F
e2b800d9-89b4-4403-b5a8-2562240d8b0f,234953426,2020-12-10T08:24:58.710Z,2020-12-10T08:24:58.710Z,1,好可愛的瓢蟲,1,M
d42e1588-846f-423d-b592-ea3624139459,234953426,2020-12-10T10:22:50.810Z,2020-12-10T10:22:50.810Z,2,誒不是，這樣他也看不到滴卡啊😂,8,M
89fc66f2-aa44-4649-8fca-1ff43ec067a8,234953378,2020-12-10T04:51:10.431Z,2020-12-10T04:51:10.431Z,1,東吳素質啊哈,1,F
da2347e9-c138-4f54-9a82-97f04ab2a2de,234953378,2020-12-10T08:31:41.909Z,2020-12-10T08:31:41.909Z,2,可能想幫忙解棟,1,M
04ea1b11-b0a7-4ec3-aa52-95916661f1bb,234953378,2020-12-10T10:55:05.160Z,2020-12-10T10:55:05.160Z,3,我以前住宿時都不用冰箱，太可怕了！,1,F
ec12c3fd-95dc-420f-a2f7-c1f3e2dc349b,234953378,2020-12-10T10:56:45.031Z,2020-12-10T10:56:45.031Z,4,不知道也，我冰箱都是牛排跟冰淇淋，快過期了，好煩,1,M
7e3ddb0e-2eee-45d4-87d0-2fa7ba46d1c5,234953378,2020-12-10T13:08:24.589Z,2020-12-10T13:08:24.589Z,5,我現在住宿但沒在用冰箱 太可怕了,1,F
073dfdaf-ae24-471e-a5e9-c89b7825468b,234953378,2020-12-10T13:11:26.689Z,2020-12-10T13:11:26.689Z,6,冰箱很好用耶，我裡面都放超多食物的，有紅酒，鮮果汁，蛋糕，鮭魚，土雞腿晚上可以蹲雞湯，冰箱是個好東西,1,M
5f2391b0-5ca2-4dcc-b387-fab12aba8d5b,234953378,2020-12-10T13:18:58.433Z,2020-12-10T13:18:58.433Z,7,"B1 太難過了
B2 是冷藏 但我發現的時候已經完全不冰了
B3 開冰箱就很可怕了⋯⋯之前看人家在拿自己的東西 結果別人的玻璃保鮮盒就滑出來碎掉 還要跟人家談賠償....
B4 B6 你們都是獨自一人享有冰箱嗎哈哈哈 
B5 真的 但還是想吃點水果 還是得使用冰箱",0,F
c737b4da-3e0c-4497-ab69-525bcd2d547d,234953378,2020-12-10T13:22:02.579Z,2020-12-10T13:22:02.579Z,8,地震了,0,M
529de059-af8b-4099-b6b5-c040374ca887,234953378,2020-12-10T13:22:21.455Z,2020-12-10T13:22:21.455Z,9,B8 好大,0,F
29065ca3-83ac-4258-a68d-d83140134aa1,234953378,2020-12-10T13:25:22.508Z,2020-12-10T13:25:22.508Z,10,B8 B9 超大 剛剛還在猶豫要不要跑,0,F
bc7ef8fd-8b04-4dce-8cc1-e0cf3658879c,234953378,2020-12-10T13:25:51.960Z,2020-12-10T13:25:51.960Z,11,B10 結果我繼續躺在床上發留言,2,F
af5b6264-2f15-4bfa-a74c-22dcfa06c83a,234953378,2020-12-10T13:27:36.830Z,2020-12-10T13:27:36.830Z,12,我繼續邊打電動邊看劇邊吃宵夜,0,M
c37b060b-b8de-4087-b64f-9cc9b70fd5d0,234953378,2020-12-11T02:20:53.908Z,2020-12-11T02:20:53.908Z,13,農場就乖乖吃飼料，你有看過飼料有在冷藏的嗎？,1,F
7c21f296-f019-4815-997f-0f300a49a319,234953023,2020-12-10T03:09:55.904Z,2020-12-10T03:09:55.904Z,1,有沒有耳朵壞掉的卦,1,M
41adc209-73b0-415c-bfa7-ed244e99212f,234953023,2020-12-10T03:43:41.322Z,2020-12-10T03:43:41.322Z,2,好像壞掉了欸qq,1,F
9ae20ff9-4b87-4db5-b951-223c4a82a712,234953023,2020-12-10T04:04:24.838Z,2020-12-10T04:04:24.838Z,3,你的校史變笑死 我快笑死,1,F
f63ac139-0c7e-4311-87b1-2b6d4b45ba0a,234953023,2020-12-10T04:20:22.385Z,2020-12-10T04:20:22.385Z,4,肉餅肉餅肉餅 OuO,0,M
e2472b78-a0a2-44f2-9eff-98dcb6c97042,234953023,2020-12-10T06:08:27.494Z,2020-12-10T06:08:27.494Z,5,城中有鐘樓大家知道嗎,0,M
506af353-e061-4014-8047-ed9fc266691a,234952765,2020-12-10T02:18:48.160Z,2020-12-10T02:18:48.160Z,1,"老師同意你就能退
但是必修沒過的話不能畢業
所以你以後還是要重修",2,F
9f6d125b-0652-4f9b-a36f-c0ddcf2bac69,234952765,2020-12-10T02:21:37.904Z,2020-12-10T02:21:37.904Z,2,請問是某堂英文課嗎⋯ 因為自己也有類似情況,3,F
3accc011-d7f2-4c18-a54b-0bac8c108d3a,234952765,2020-12-10T03:14:15.849Z,2020-12-10T03:14:15.849Z,3,該不會跟我同一堂,0,F
c2e39536-10e8-4f40-b26e-957c95110b8d,234952765,2020-12-10T03:20:42.439Z,2020-12-10T03:20:42.439Z,4,要用靈魂去感應上課的內容，就可以發動黑閃了，五條很帥,5,M
efc033a7-5535-4662-83ef-c280873d9335,234952765,2020-12-10T04:18:55.818Z,2020-12-10T04:18:55.818Z,5,啥系阿 聽起來好玄,0,M
e8c1cdf4-bc20-45dd-b38f-b858e1a737cf,234952765,2020-12-10T05:06:50.212Z,2020-12-10T05:06:50.212Z,6,我退過,0,F
e2ae6c14-15bc-4a0b-8746-c0eef2ba1c0b,234952765,2020-12-10T06:12:54.659Z,2020-12-10T06:12:54.659Z,7,可以啊,0,F
f91fe40e-51f8-45fe-ac1b-38d0b0aaf762,234952765,2020-12-10T10:59:47.052Z,2020-12-10T10:59:47.052Z,8,是英文嗎......,0,F
b6f7ec5c-4c65-4df1-944c-bf547853c8d6,234952765,2020-12-10T11:02:13.394Z,2020-12-10T11:02:13.394Z,9,可以在上課的時候自己在開一門課，像我就自動把課程改成日本冬季新番與漫畫導讀,0,M
581aa31b-fb34-4750-b4a9-f0ecad06f5b3,234952765,2020-12-10T11:29:00.362Z,2020-12-10T11:29:00.362Z,10,b9 再啦幹,0,F
0cd5eba5-4112-4857-9c26-0d433e52b2e6,234952765,2020-12-10T12:24:50.787Z,2020-12-10T12:24:50.787Z,11,B10 可以再上課的時候安排自己的課程，像我會自己安排社交練習與異國文化探討,1,M
de1d24f1-8ced-4768-861a-821b5d3835c9,234952765,2020-12-10T13:04:08.992Z,2020-12-10T13:04:08.992Z,12,畢競都念大學了，有看灌籃高手的知道，左手只是輔助，所以上課也只是輔助，自己安排自己的課程，才是一個大學生基本的能力,0,M
4e0db1a1-e9fe-4843-baec-ebc31fa09b84,234952765,2020-12-10T13:07:09.958Z,2020-12-10T13:07:09.958Z,13,應該不會有人天真到認為跟著老師上課一遍，寫考卷通通一百分，畢業後就會變成比爾蓋茲，巴菲特，或者馬司克，這些人，每個都嘛自訂自己的課程，如果只是跟著完成學校課業，應該順利當個超商店員沒有問題,0,M
3468045e-2132-42e9-8fac-9df18c6739c7,234952765,2020-12-10T18:06:00.343Z,2020-12-10T18:06:00.343Z,14,開學至今都沒學到什麼 這樣正常嗎,0,M
6ecb3782-55f8-4815-9879-2cacb12ea76a,234952765,2020-12-10T19:27:18.152Z,2020-12-10T19:27:18.152Z,15,正常，我都自己開書單,0,M
457d11fa-0fea-426f-8bab-8997f4579aa3,234952765,2020-12-11T11:36:48.066Z,2020-12-11T11:36:48.066Z,16,B12 竟啦幹!,0,M
29f5d744-eccb-4607-9c4a-f8639a8ebc51,234952765,2020-12-11T11:39:44.762Z,2020-12-11T11:39:44.762Z,17,文字只是輔助,0,M
a74c9cfe-e014-43a7-a3e8-d490a6685253,234952765,2020-12-12T09:54:34.777Z,2020-12-12T09:54:34.777Z,18,中文系也有吧，老師的教學很好，但能不能吸收就看個人造化,0,M
cdb18509-a546-4f2c-919f-228a928c42dc,234952509,2020-12-10T04:19:23.804Z,2020-12-10T04:19:23.804Z,1,"感恩



 雖然不是我",2,M
e62f330e-9b9a-41f5-aacb-16980bfeb8c0,234952509,2020-12-10T10:34:32.560Z,2020-12-10T10:34:32.560Z,2,"這怎麼看都不是學生證😂
說不定是不要的😂",0,M
4b302e95-1bc2-4c05-812d-9418ddd6d9df,234952509,2020-12-11T03:45:28.626Z,2020-12-11T03:45:47.983Z,3,B2 後面吧,0,M
c8cbba15-ea9e-44bc-a2b4-766e284c8668,234952509,2020-12-11T03:49:41.621Z,2020-12-11T03:49:41.621Z,4,B2 有確認過啦 在背面😂,0,F
83f23edd-3a93-4861-ba93-9d2ef18f9779,234951320,2020-12-09T17:04:11.454Z,2020-12-09T17:08:22.389Z,1,旁邊房間的垃圾一直堆還發出惡臭 😠,6,F
b509f950-7163-4bd6-9b17-16d9e8c425fd,234951320,2020-12-09T17:25:10.161Z,2020-12-09T17:25:10.161Z,2,"衣服不洗是由發出臭味嗎
不然雷點在哪",2,M
1b465e12-972e-4837-b190-4e57ccc312d7,234951320,2020-12-09T19:06:15.181Z,2020-12-09T19:06:15.181Z,3,"在房間裡面戴耳機和朋友視訊
有夠吵🙄",6,M
10ca1c14-547a-4c06-be77-cb3ace4c4f5a,234951320,2020-12-09T19:53:52.226Z,2020-12-09T19:53:52.226Z,4,玻璃心又在背後煽動人搞排擠,13,F
f7b99e3a-c652-42c5-9480-0823c5c7c61f,234951320,2020-12-10T02:40:01.748Z,2020-12-10T02:40:01.748Z,5,在房間講電話真的很低能缺德,10,F
4bfaf194-48a3-4cea-a52d-0c338543b87d,234951320,2020-12-10T03:31:31.382Z,2020-12-10T03:31:31.382Z,6,半夜兩點在房間跟女朋友講電話==,1,M
3a45de10-7ec3-4dcc-b8b2-0ff47b6215a8,234951320,2020-12-10T04:18:30.262Z,2020-12-10T04:18:30.262Z,7,玩遊戲看影片不帶耳機,6,M
691cf04f-a50b-43e0-af32-127dc34e7b2a,234951320,2020-12-10T04:27:04.557Z,2020-12-10T04:27:04.557Z,8,鬧鐘一直按延遲的我也不行欸 過幾分鐘就響一次 原本快睡著又會突然被嚇醒 痛苦程度不輸一直響的,7,F
181f874f-7390-499b-9c5d-72c6929a7a7d,234951320,2020-12-10T08:41:22.433Z,2020-12-10T08:41:22.433Z,9,"才知道。。。














我的室友算是雷室友T.T",0,M
e8af8ae8-67e5-44db-9261-15c53757a0f3,234951320,2020-12-10T08:57:23.259Z,2020-12-10T08:57:23.259Z,10,一直唱鬼歌,0,M
a065673c-98e5-47dd-9f63-7673182f9452,234951320,2020-12-10T09:50:07.988Z,2020-12-10T09:50:07.988Z,11,"大聲講話 笑 看影片自言自語  哼歌 
總之干擾到別人就是很不應該",8,F
674a0dec-e294-4504-ab08-caddcde70a01,234951320,2020-12-10T10:22:36.365Z,2020-12-10T10:22:36.365Z,12,"椅子用拖的 吵死人
啊是不會抬起來輕輕放？",1,F
8c693eae-d322-425e-b1ba-e32f35c420fb,234951320,2020-12-10T13:19:52.804Z,2020-12-13T11:38:14.477Z,13,,,
6fe8f1e5-3b33-4502-8aba-0682f080dc02,234951320,2020-12-10T19:18:32.754Z,2020-12-10T19:18:32.754Z,14,打電動接通話大吼大叫,0,M
adc900da-7578-491a-b16e-c9f6bdce6214,234951320,2020-12-10T19:37:34.913Z,2020-12-10T19:37:34.913Z,15,那在合江交誼廳玩狼人殺那個人可以小聲一點嗎，凌晨想要讀書都被你吵到受不了,1,M
37d2f7d7-881a-4cf1-886d-259e886f276d,234951320,2020-12-11T00:06:25.508Z,2020-12-11T00:06:25.508Z,16,打呼跟打雷一樣大聲😭,1,F
29b20370-dd5c-490d-8fd9-d8a68958d499,234951320,2020-12-11T02:28:22.288Z,2020-12-11T02:28:22.288Z,17,合樂雷也不少,1,F
328d4324-93fc-40fd-a9c2-9ea679a83ab1,234951320,2020-12-11T02:49:10.181Z,2020-12-11T02:49:10.181Z,18,說話有夠大聲 還堅持在房間裡講電話（：,3,F
1bc30983-9bd4-49f4-a76e-3dcea0363920,234951320,2020-12-11T03:14:40.968Z,2020-12-11T03:14:40.968Z,19,帶女友到宿舍睡算嗎,0,M
2dfdd254-6a4c-4c1b-834d-3ff86fa5da33,234951320,2020-12-11T04:27:48.422Z,2020-12-11T04:27:48.422Z,20,合樂五樓某一間垃圾真的很可怕😂,1,F
82cc9bc6-0ea4-4c38-bccb-91f98a143fc5,234951293,2020-12-09T17:04:57.521Z,2020-12-09T17:04:57.521Z,1,幫QQ,1,M
52c2bd7a-4e39-4571-8677-d50e5cf0e5a5,234951293,2020-12-10T01:13:37.949Z,2020-12-10T01:14:17.075Z,2,"原來現在東西不見都這麼兇的喔
想太多了吧到底誰會想幹妳水壺
誰知道你有沒有得什麼奇怪的傳染病⋯⋯",4,M
8da2822b-48fc-47ee-bbdf-36a20bda6e71,234951293,2020-12-10T01:45:22.635Z,2020-12-10T01:45:22.635Z,3,笑死要報警ㄟ🈹️,3,M
a7751326-f1ba-4e61-ac4f-59041069a7dc,234951293,2020-12-10T05:04:12.085Z,2020-12-10T05:04:12.085Z,4,B2 上次脫殼版也有一篇 星巴克杯子被幹走的 一開始都沒下落說要報警還是提告 人就出現了😂,1,M
4160ce51-adfe-45b6-82a3-b42fb14b7c99,234951293,2020-12-10T06:19:27.080Z,2020-12-10T06:19:27.080Z,5,怕,0,M
5b93ed56-4d49-4ee5-a055-d3c34613f246,234949791,2020-12-10T00:07:59.796Z,2020-12-10T00:07:59.796Z,1,發一次怒一次,0,M
61069ebf-483c-499e-ae96-1f7cf46d6f86,234949791,2020-12-10T01:51:39.307Z,2020-12-10T01:51:39.307Z,2,B1 耶～謝謝你的關注～,0,M
a298d810-995f-46c2-95a2-6e0853cccd5a,234947709,2020-12-09T09:33:20.845Z,2020-12-09T09:33:20.845Z,1,加油歐，助妳歐趴,2,M
9c353fb2-3f1f-4ca0-8a67-c5053ff424a5,234947709,2020-12-10T07:06:25.866Z,2020-12-10T07:06:25.866Z,2,"填ㄌ
我還有給你回饋❤️祝你歐趴喔",1,F
84dce5a8-707b-4791-bbf3-b18eefb8e450,234947231,2020-12-09T06:03:31.667Z,2020-12-09T06:03:31.667Z,1,"我也沒有政治立場
樓下你呢",4,M
d57b9ee4-a42b-4a60-865a-4d133bbc846b,234947231,2020-12-09T06:16:09.178Z,2020-12-09T06:16:09.178Z,2,"我也沒有政治立場 
不知道樓下有沒有？？？",4,F
41b00d09-17a7-41d9-a878-64047ab5390a,234947231,2020-12-09T06:22:54.562Z,2020-12-09T06:22:54.562Z,3,"哈哈哈
嗚嗚嗚",0,F
0fcee8b9-4544-4c96-bd15-7af3df378eda,234947231,2020-12-09T07:07:06.476Z,2020-12-09T07:07:06.476Z,4,嚇死,0,M
6655723c-05df-482b-ac2f-d71dea2af220,234947231,2020-12-09T09:32:16.484Z,2020-12-09T09:32:16.484Z,5,先等等之後最高行的裁定好了,0,F
b40e2e97-01a7-4cf7-b170-6aab511774d9,234947231,2020-12-09T15:30:49.879Z,2020-12-09T15:33:39.552Z,6,"副校長歷史新聞整理
立場還需要質疑嗎
-
反對同婚修法
https://www.ct.org.tw/1298762
黨產條例
https://udn.com/news/story/7321/5013649
認為罷韓連署違法
https://forum.ettoday.net/news/1676091",8,M
526a2ba3-124e-4bea-b4b6-62cc172dac23,234947231,2020-12-09T15:57:40.177Z,2020-12-09T15:57:40.177Z,7,東吳應該很多教職都偏藍吧,24,M
a319376b-bddb-49a6-9597-4dd34007b464,234947231,2020-12-10T01:45:14.291Z,2020-12-10T01:45:14.291Z,8,我也沒有政治立場,0,M
b76d7fe1-b9b3-4c1e-b72b-3b2b731a8af6,234947231,2020-12-10T04:29:09.790Z,2020-12-10T04:29:09.790Z,9,我愛保城 保城愛我,3,M
58fa07bc-01ce-4804-9678-c57b33bbe573,234947231,2020-12-10T05:41:36.308Z,2020-12-10T05:41:36.308Z,10,他就是個XX🤮🙄,1,M
ff76ae17-11bc-4d27-b229-57bb0cca2cdd,234947231,2020-12-10T11:10:04.277Z,2020-12-10T11:10:04.277Z,11,"原本看到想說蛤連我們憲法老師都醬ㄛ
後來發現他藍爆",1,M
0e33389c-d358-4d61-8d10-26f652dc57a3,234947231,2020-12-10T15:12:24.943Z,2020-12-10T15:12:24.943Z,12,B11 藍色都笑裡藏刀，讓你猜不出,2,M
bf23a4f7-b148-4bf2-a2b6-9d29ba14dba1,234947231,2020-12-11T16:53:28.296Z,2020-12-11T16:53:28.296Z,13,"我先說我沒有政治立場 
然後放一篇會引戰的新聞出來然後看看有沒有自己的同溫層會出言抨擊 再來暗自竊喜ㄇ",1,M
fad56138-1828-4e6d-a473-e37d037b1e4c,234947231,2020-12-11T16:55:00.736Z,2020-12-11T16:55:00.736Z,14,"B13 全世界的人都馬說自己沒政治立場-.-
而且這篇文哪裡偏頗了
學校本來就很藍啊...",1,M
efbdd23a-0cd8-4e80-b7fa-05a38b413a96,234947231,2020-12-11T17:06:54.216Z,2020-12-11T17:07:59.228Z,15,"B5 駁回了
理由是「又沒限制你做新聞...哪來的『侵害言論自由』啦=  =？不然你自媒體關一關啊！」",0,M
409f3a64-6025-4951-b6dc-10c61d386eae,234947231,2020-12-12T02:46:22.577Z,2020-12-12T02:46:22.577Z,16,最討厭假中立ㄌㄏㄏ,0,M
6aa03a77-d286-4649-9a96-98bdfbecdef4,234947231,2020-12-12T07:04:51.907Z,2020-12-12T07:04:51.907Z,17,法律系的出來說話啊,1,M
0a67c283-5102-4793-96d3-99d5174d2a69,234947109,2020-12-09T06:22:04.552Z,2020-12-09T06:22:04.552Z,1,填過啦，還以為沒要辦了,0,M
90ee51b9-aa40-4a32-bd88-1ad71d5b147c,234947109,2020-12-09T07:04:32.072Z,2020-12-09T07:04:52.312Z,2,"B1 因為真的沒幾個人，時間又散(つД`)
除非你們可以接受小團小團開( ´•̥̥̥ω•̥̥̥` )
不然真的就流團惹･ﾟ･(ﾉД`)･ﾟ･｡",2,F
3d3b5b61-b55f-4bff-adf0-1e2b87ea0392,234947109,2020-12-09T09:32:26.656Z,2020-12-09T09:32:26.656Z,3,B2 可以阿，小團小團也ok歐，看看要不要吃鍋，最近好冷,0,M
1aa73820-dcc6-46d1-8d25-f0241085eafe,234947109,2020-12-09T22:01:42.090Z,2020-12-09T22:04:28.852Z,4,,,
7a352652-abd0-4ee6-9b96-20789d73ff02,234943936,2020-12-09T01:39:56.182Z,2020-12-09T01:56:16.636Z,1,"https://www.dcard.tw/f/scu/p/231911425?cid=4F46876C-46BA-4CCF-92CB-61CD0C2BBC9C

那是愛尼雅的8+9妹
他也會問你有沒有在打工 沒有就不理你
有就騙你錢

之前有四個
1. 60歲以上的阿婆 會帶圍巾 黑色 捲頭髮
2. 高高壯壯的女生 棕色頭髮
3. 不高的阿姨 30歲左右臉很白 黑色頭髮 常常穿洋裝
4. 20幾歲的女生 金色頭髮 不高 聲音很ㄉㄧㄚˉ 
小心這四個人

他們的手法 就是先跟你寒暄聊幾句 然後再說你皮膚不好 要不要試試看他們的產品 最後就不讓你走 而且他們喜歡找大學生比較好騙",6,M
6e879f9c-22fb-4da1-a4d8-9b4fbddb6eaf,234943936,2020-12-09T04:30:58.393Z,2020-12-09T04:30:58.393Z,2,希望那些人趕快被消失，最好消失到外太空去,3,M
c1137289-7f67-40a5-8b7e-ea29684678e6,234943936,2020-12-09T06:10:14.586Z,2020-12-09T06:10:14.586Z,3,"之前有一次遇到那個年輕的
那天我剛看完醫生正在發燒
走過去的時候也是被她攔下來
我就說
「痾...說真的，妳看不出來我在發燒嗎？」
然後她還很驚訝的摸我額頭說
「欸！真的耶！那你趕快回去休息！」
😂😂😂😂😂",10,M
9bff2373-04ee-438c-9bbf-dd59f93883e3,234943936,2020-12-09T12:26:19.514Z,2020-12-09T12:26:19.514Z,4,B3 在一起在一起！（大誤,0,M
36580b36-32d4-47ed-9923-40aa9438a954,234943936,2020-12-09T14:26:17.028Z,2020-12-09T14:26:17.028Z,5,"我被他們問過，好像說是黎明科技大學(? 的學生，來了二十幾個人，在跟路人問要不要資助他們的文創店開張，拿一張鬼滅的明信片。
然後捐款給他們以後，會被問其他問題，說是希望可以幫助他們脫離二一苦海。",0,F
00f8bae2-787b-4d6d-b0a2-70b01b84a67c,234943936,2020-12-09T16:28:59.122Z,2020-12-09T16:28:59.122Z,6,真心覺得捷運站真的不是攔路上行人的地方,3,F
dcfaebda-31bd-4446-a58b-dd29295636a1,234943936,2020-12-10T04:21:19.686Z,2020-12-10T04:21:19.686Z,7,太沒品了怒(╯°□°）╯︵ ┻━┻,0,M
5d7d57b5-732f-4185-873e-20f9f8180775,234943936,2020-12-10T08:54:14.218Z,2020-12-10T08:54:14.218Z,8,下次的應對方式，說你要衝三小看屁啊~然後趕快跑走,0,M
ad2c1b4d-91b7-44e5-9169-5be19f546970,234943936,2020-12-12T06:03:34.464Z,2020-12-12T06:03:34.464Z,9,跟她告白.....她就會走了.....,1,M
ba52e4f7-1fca-472f-8d03-afdce4f81f9b,234943936,2020-12-12T10:07:46.217Z,2020-12-12T10:07:46.217Z,10,B9 適用於水女,0,M
5dc7b866-5a1d-48cf-85d2-f2c50a93ff3b,234942328,2020-12-08T11:57:06.880Z,2020-12-08T11:57:06.880Z,1,"我在北投麥當勞也不能用
（寫非法卡片）
過一下子就可以了",0,M
169f1171-6fe1-4dde-a5dc-1e0a06c7cf27,234942283,2020-12-08T10:16:30.636Z,2020-12-08T10:16:30.636Z,1,感覺好可憐，加油,0,M
083616b8-7e75-42d2-ad2b-4fb2d6e5691d,234942283,2020-12-08T11:57:43.585Z,2020-12-08T11:57:43.585Z,2,沒配到嗚嗚,0,M
ba0b3957-2380-4eb3-87bf-01ecc4d22a37,234942283,2020-12-08T12:34:31.553Z,2020-12-08T12:35:29.039Z,3,,,
e85590e8-a667-46be-912c-c37add01ae2c,234942283,2020-12-08T12:56:46.333Z,2020-12-08T12:56:46.333Z,4,"B2 男生有140人 女生30人
我還能怎麼辦⋯⋯",1,M
39425322-0489-48b8-8a20-b5aaf7e34026,234942283,2020-12-08T17:44:52.647Z,2020-12-08T17:45:10.187Z,5,感覺B4心很累XD,0,M
a24a2a60-917b-4fcc-b6b6-8cec692a3516,234942283,2020-12-09T03:19:24.303Z,2020-12-09T03:19:24.303Z,6,填了填了XDD,0,F
6b9ca35f-7899-486c-badb-c5b83698ee94,234942283,2020-12-09T05:21:09.193Z,2020-12-09T05:21:09.193Z,7,我來ㄌ,0,F
ba9630d2-3e33-49c8-9cbc-7d17dbc009fa,234942283,2020-12-10T04:21:43.132Z,2020-12-10T04:21:43.132Z,8,這比例 賊誇張,0,M
030e73d2-3c12-4667-956e-ad8fa25ad99a,234939884,2020-12-08T02:34:16.125Z,2020-12-08T02:34:16.125Z,1,https://i.imgur.com/sYMYwfG.jpg,2,M
345ef169-a534-4d0b-b2f3-83f971f22334,234939884,2020-12-08T03:02:18.066Z,2020-12-08T03:02:18.066Z,2,沒辦法，我們男生是不帶鏡子的，長得醜也要追正妹，預算一天一百元,34,M
31c3a183-1849-46e3-a4c2-b259630fc4b2,234939884,2020-12-08T04:01:44.981Z,2020-12-08T04:01:44.981Z,3,還有我們沒有女友，之前交了，被發覺我們都用家裡給的零用錢，出門都要AA ，被甩了，龍也敢甩我們這種資優生，等我那一天考上法官，不要在來後悔，機車龍,0,M
c74edc30-3e75-458e-8310-902d9242e712,234939884,2020-12-08T06:09:26.203Z,2020-12-08T06:11:13.206Z,4,"B3 再啦幹
https://i.imgur.com/8IieAgi.jpg",23,F
9f4e87ae-374c-4638-a0b1-8ad6c04504e4,234939884,2020-12-08T09:30:48.725Z,2020-12-08T09:30:48.725Z,5,"我很好奇原po長怎樣
求照片",1,M
93acde9a-bece-4249-8496-acc4409598ff,234939884,2020-12-08T09:44:18.399Z,2020-12-09T13:50:05.049Z,6,,,
50bc550f-4616-4035-a0ed-4964e71f7818,234939884,2020-12-08T09:45:58.769Z,2020-12-08T09:45:58.769Z,7,想看加一，我帥，應該吧，每天買早餐都被叫帥哥,2,M
4def19e3-253c-4db0-9ebb-47a2f1825c3f,234939884,2020-12-08T09:47:51.208Z,2020-12-09T13:50:10.525Z,8,,,
2b364ef1-a59e-45a7-a2b4-c6720d3cdd1b,234939884,2020-12-08T09:49:36.113Z,2020-12-08T09:49:36.113Z,9,我的話很簡單阿，就像日劇求婚大作戰的男角，去看求婚大作戰就看得到了,0,M
f267b11c-6ca6-44fb-b0a6-873a559a35b5,234939884,2020-12-08T11:53:37.863Z,2020-12-08T11:53:37.863Z,10,B9 約會大作戰不是很久了嗎？？,0,M
c0e18fda-c798-4b2b-9e74-be7dfadde249,234939884,2020-12-08T11:53:53.334Z,2020-12-08T11:53:53.334Z,11,B8 好問題 明天換你們來撞我,0,M
ee01e08a-4470-462f-a6e4-cfec480469d6,234939884,2020-12-08T12:08:02.804Z,2020-12-08T12:08:02.804Z,12,新片好像沒有以前帥，現在是佐藤健的時代了,0,M
67ae95b1-34c8-4fe5-a2c0-d464af4fc815,234939884,2020-12-08T12:29:17.085Z,2020-12-08T12:29:17.085Z,13,"我也想看🙋‍♀️（來交朋友的奇葩在此）
我覺得原po根本沒有說自己很正然後男生還嘰嘰歪歪吧，為什麼一堆人說要看照片🤔️🤔️",9,F
4e9381fb-b397-4fa3-9631-aa36b97ce32d,234939884,2020-12-08T12:40:08.892Z,2020-12-08T12:40:08.892Z,14,因為我是單身公害阿,0,M
e2470fb8-f19a-4b5e-9525-1ffeead176be,234939884,2020-12-08T16:55:07.929Z,2020-12-08T16:55:07.929Z,15,不講還好 一這樣講好好奇原po長怎樣了,1,M
2a794012-0cff-4cc8-a718-0e386d4fd78a,234939884,2020-12-08T17:45:11.530Z,2020-12-08T17:45:11.530Z,16,搶著當龍騎士,0,M
c9202dad-52ed-4ef8-adc1-7617662f9b64,234939884,2020-12-08T17:54:24.339Z,2020-12-09T13:44:58.439Z,17,,,
9bec22d4-8cca-4489-b152-e24eb0b0bd91,234939884,2020-12-08T17:54:42.989Z,2020-12-08T17:54:42.989Z,18,B17 來哇,0,F
303329fc-9dcc-4d7b-aedf-106b3244fa0e,234939884,2020-12-08T17:55:24.192Z,2020-12-08T23:25:24.729Z,19,B15 只能看會不會在路上遇到囉(◐‿◑),0,F
3b3c99f9-be10-49e0-80e0-1b68127084e3,234939884,2020-12-08T17:55:44.765Z,2020-12-08T17:57:26.374Z,20,,,
7e650ca4-ea3c-4753-9470-ad8786c6ab09,234939884,2020-12-08T17:55:59.725Z,2020-12-08T17:55:59.725Z,21,好了,0,F
437be0a0-3848-45fe-bbc4-fb032a6e42fa,234939884,2020-12-08T17:56:08.715Z,2020-12-08T17:56:08.715Z,22,快刪掉B19,0,F
31708ea3-f2da-43c2-8c2d-ffdd488b016d,234939884,2020-12-08T17:57:48.790Z,2020-12-08T17:57:48.790Z,23,B22 好哩🤩,0,F
1aea7394-81b5-47cd-a651-e73558cdf397,234939884,2020-12-08T18:20:15.745Z,2020-12-08T18:20:15.745Z,24,我還沒看到,0,M
893c7c37-9025-4107-9491-779a721cffae,234939884,2020-12-09T04:11:39.277Z,2020-12-09T04:11:39.277Z,25,+1,0,M
07e27744-b027-4f31-8c3b-ea72a25e6b42,234939884,2020-12-09T04:22:32.420Z,2020-12-09T04:22:32.420Z,26,原po真的正,0,M
e038f097-7a5e-48d1-867b-b1b77415a58b,234939884,2020-12-09T04:31:03.119Z,2020-12-09T04:31:03.119Z,27,可惡沒搭上車,0,M
6494dadc-43c9-4d16-a985-d8328201c4f2,234939884,2020-12-09T04:48:41.991Z,2020-12-09T04:48:41.991Z,28,B10 你比較喜歡岩瀨見還五河士道,1,F
b2546852-26e0-4b57-b5ca-8c02c9feb92f,234939884,2020-12-09T05:43:35.918Z,2020-12-09T05:43:35.918Z,29,想看++,0,M
a71c2016-93c4-44de-81ae-bc07d9207177,234939884,2020-12-09T06:22:52.709Z,2020-12-09T06:22:52.709Z,30,B28 岩瀨,0,M
4d7afb76-6d7b-42eb-8218-838fe145e582,234939884,2020-12-09T09:01:10.365Z,2020-12-09T09:01:37.771Z,31,"想看+1
還可以看嗎？",0,M
a0934ebb-cb64-4e2f-bf45-80ef8ff2128f,234939884,2020-12-09T09:24:35.874Z,2020-12-09T09:24:35.874Z,32,+1,0,M
bdb7c8cb-0076-4814-a692-2f3370ec9581,234939884,2020-12-09T13:44:32.301Z,2020-12-09T13:44:32.301Z,33,B25 你怎麼會知道我是誰哈哈哈,1,F
c803a5e7-3d71-4b2b-8ff9-382398902951,234939884,2020-12-09T14:12:32.559Z,2020-12-09T14:12:32.559Z,34,還可以歐,0,M
530ca629-4137-43d6-bf51-25dd1fc49d31,234939884,2020-12-09T15:11:24.835Z,2020-12-09T15:11:24.835Z,35,B33 感覺有點像石原里美,0,M
1c50f937-ddb1-4370-ad80-dfd0d5d695a3,234939884,2020-12-09T18:08:09.879Z,2020-12-09T18:08:23.461Z,36,B33你被評價的很優質：）,1,F
d92d8ecc-5e0c-40ca-831f-e29569df10d0,234939884,2020-12-10T04:22:05.809Z,2020-12-10T04:22:05.809Z,37,讓偶看看,0,M
2e2def53-fe60-4401-80fe-cc1fbba68c0b,234939884,2020-12-10T05:53:19.439Z,2020-12-10T05:53:31.064Z,38,B36 你是不是認識我ʕ •ᴥ•ʔ,0,F
69161473-9617-4af9-915a-0da8d04de587,234939884,2020-12-10T05:53:49.635Z,2020-12-10T05:53:49.635Z,39,B38 加你唉居的可愛孩子,0,F
f8f56708-ee69-43cc-9aef-4260c0e85721,234939518,2020-12-08T00:24:11.738Z,2020-12-08T00:24:11.738Z,1,可以換宿的時間很像過很久了,1,M
8fe7d254-6111-400d-93a7-ba724b860daa,234939518,2020-12-08T00:31:49.787Z,2020-12-08T00:31:49.787Z,2,"可以住這邊
https://youtu.be/QIB8LQHORn4",1,M
ec85fc88-e94a-49f0-a118-9b34986048db,234939518,2020-12-08T00:41:17.502Z,2020-12-08T00:41:17.502Z,3,搬出去住阿,1,M
16df5a8d-15d0-4956-be46-50b23d5bd74f,234939518,2020-12-08T08:04:40.281Z,2020-12-08T08:04:40.281Z,4,跟我睡吧,1,M
63e67b72-b1fd-44f8-8286-ff9105aa0201,234939518,2020-12-08T08:28:03.034Z,2020-12-08T08:28:03.034Z,5,B1 那下學期還有機會嗎？🥲,0,F
e3c4e485-107a-451a-9bc6-4dfdfefaa6a0,234939518,2020-12-08T08:32:48.913Z,2020-12-08T08:32:48.913Z,6,可以住東東加,0,M
f12ec7a8-f263-4c7b-b532-b54f13fd6d5d,234939518,2020-12-08T09:08:14.827Z,2020-12-08T09:08:14.827Z,7,要問住宿中心,0,M
dc136e4a-8ade-4b59-8518-61e72acf8d97,234939518,2020-12-08T09:31:24.828Z,2020-12-08T09:31:24.828Z,8,B5 下學期換宿是現在可以去問ㄅ,0,M
d80dfd3d-a07c-48ae-968b-e3a5634cfc9c,234939518,2020-12-08T15:24:43.282Z,2020-12-08T15:24:43.282Z,9,如果真的受不了，可以洽住宿中心專案處理。,0,M
b2b1ea23-3424-4b2d-a2e5-39556b8939a3,234939518,2020-12-10T02:44:55.982Z,2020-12-10T02:44:55.982Z,10,"在感到被折磨的同時也請謹慎檢討自己
說不定他也覺得你在折磨他🤷‍♀️",1,F
f60c3444-d40b-4099-9f39-b557407cedb9,234939518,2020-12-10T02:52:49.492Z,2020-12-10T02:52:49.492Z,11,B10 每天都在檢討自己ㄌ 我真的沒⋯怎⋯樣啊⋯🥲,2,F
d1d63609-0a9a-47d2-b12a-e9f1f25cdd74,234939518,2020-12-10T03:21:11.416Z,2020-12-10T03:21:11.416Z,12,B11 是不是不夠帥,0,M
b72e625e-d9a0-4f36-92d4-47501db8bf50,234939518,2020-12-10T04:22:51.484Z,2020-12-10T04:22:51.484Z,13,"如果能住那 應該外面租也不是問題

幫不上忙QQ",1,M
64674866-4d07-479c-a3bd-dfdb040bb463,234939464,2020-12-10T04:23:17.785Z,2020-12-10T04:23:17.785Z,1,路過 祝你找到,0,M
9f4f33db-19f9-4d51-b9e5-84e119c8e6b6,234939464,2020-12-10T05:07:22.919Z,2020-12-10T05:07:22.919Z,2,"@
B1 謝謝🥺人好好",0,F
833f8eef-4342-46a3-a089-0639e634fb62,234937765,2020-12-07T16:47:42.280Z,2020-12-07T16:47:42.280Z,1,拉拉熊逃家了,3,M
895c847d-847f-43b8-8f75-56c63bd35cfb,234937765,2020-12-08T16:54:15.561Z,2020-12-08T16:54:15.561Z,2,這個也太可愛了吧(⁎⁍̴̛ᴗ⁍̴̛⁎)想知道是哪裡買的！,6,F
af72a2a9-6f6d-43a7-9401-d83984fc52a5,234937765,2020-12-10T00:33:03.191Z,2020-12-10T00:33:03.191Z,3,"B2 那個是朋友送的
我也不知道他在哪裡買
但我猜應該是蝦皮🧐",1,F
0c5836f3-af8f-4867-b8cf-5dda8cb833b3,234936706,2020-12-07T13:29:08.979Z,2020-12-07T13:29:08.979Z,1,不知道，我們都被當光光,2,M
d13ad062-dc51-4729-b09e-b2ac96175bf3,234936706,2020-12-07T16:12:09.349Z,2020-12-07T16:12:09.349Z,2,3科直接寄到家,0,M
3e874c3a-ba9f-4dda-b5e4-8e6352622628,234936706,2020-12-07T16:14:00.069Z,2020-12-07T16:14:00.069Z,3,3封 但要在國貿拿到3封也是很厲害,0,F
e50e76b2-4524-43b6-9962-1a0135e72cea,234936706,2020-12-07T17:41:00.902Z,2020-12-07T17:41:00.902Z,4,再不認真上課啊,0,M
68a902ab-8787-4ce2-bc1c-4735e1777bb7,234936706,2020-12-09T02:13:37.976Z,2020-12-09T02:13:37.976Z,5,挫咧等,0,M
8b4c7fee-6862-4c47-b665-9da47416feb1,234935957,2020-12-07T09:47:30.643Z,2020-12-07T09:47:30.643Z,1,skrskr 666,1,M
41e535c4-0404-46cf-bc69-7921df46e3dd,234935957,2020-12-07T10:13:56.575Z,2020-12-07T10:13:56.575Z,2,食飽吂？,0,M
8097b5e1-58aa-4399-b499-51fc1ed90a01,234935957,2020-12-07T12:20:53.035Z,2020-12-07T12:20:53.035Z,3,呷洨,2,M
3ce55cd6-ec56-4e4c-9e5b-dffa3e1d32c5,234935957,2020-12-07T17:44:15.575Z,2020-12-07T17:44:15.575Z,4,吃！,0,M
e9fca896-233d-47cb-b67d-3620e4e0b2ab,234935957,2020-12-08T09:32:31.196Z,2020-12-08T09:32:31.196Z,5,真的可以吃到飽？,0,M
41611bff-f75c-42f0-9c0f-f9cd5aa7acd2,234935957,2020-12-08T16:54:06.530Z,2020-12-08T16:54:06.530Z,6,B5 來吃吃看就知道,0,M
1b9e2253-d9d6-417d-8f7c-049d2eb8418d,234935957,2020-12-08T17:34:29.569Z,2020-12-08T17:34:29.569Z,7,B5 有好吃的東東又精彩的展覽 不來看咪,0,M
8efe4c3e-77f8-4b2f-a69f-f5282a4ff64d,234935643,2020-12-07T09:05:17.438Z,2020-12-07T09:05:17.438Z,1,想請問這個交換生是一學期的嗎～大一以後想交換想問問看！,1,F
d5e12406-5cce-45ec-a170-9a6c0042c0a5,234935643,2020-12-07T09:51:17.514Z,2020-12-07T09:51:17.514Z,2,B1 申請一學期或全學年都可以哦！,1,F
8fbbfe97-c992-49e6-aede-b609a7797774,234935643,2020-12-07T11:28:33.087Z,2020-12-07T11:28:33.087Z,3,"有上了(≧∇≦)/
原本以為12月底才會公布
結果上課上到一半的時候要猝不及防的收到了Gmail整個沒心上課哈哈哈",1,F
c101ff02-ff97-4c5c-add3-2bd7f8e8dfd2,234935643,2020-12-07T11:55:52.913Z,2020-12-07T11:55:52.913Z,4,我也以為月底公布…上第一志願😇,3,F
c84703fb-6db4-4f13-a3a2-7c71cc3ef088,234935643,2020-12-07T12:44:04.086Z,2020-12-07T12:44:04.086Z,5,"上了好開心٩(˃̶͈̀௰˂̶͈́)و
以為會月底才會出來～",2,F
2277b5c3-d2c7-4c45-b95e-188a544457ee,234935643,2020-12-07T13:30:06.965Z,2020-12-07T13:30:06.965Z,6,好奇問問你們都不怕疫情嗎 以後也想交換😢,7,F
cc8ebc34-7caa-408e-b5a1-387417465083,234935643,2020-12-07T13:39:51.832Z,2020-12-07T13:40:30.214Z,7,"B6 嘛…我是去年有上了可是今年不敢去…所以重新再申請一次
明年暑假如果疫情還是很可怕的話應該不會去 畢竟隔離費用有夠貴 我朋友原本預計明年2月那時候要去 隔離費用20多萬日幣欸我整個？？？？？",1,F
45e85fcb-8bf7-407a-ace1-9f55a34108b0,234935643,2020-12-07T13:43:51.017Z,2020-12-07T13:43:51.017Z,8,B7 我以為去年申請上但今年因為疫情而不去的，可以延後就好耶，沒想到需要重新申請嗎😢,0,F
75d71b04-24a4-4d92-bb77-f3e90e42e158,234935643,2020-12-07T13:45:03.304Z,2020-12-07T13:45:03.304Z,9,B8 可以延後ㄚ但偶不想要去那間學校 想換一個(去年上第六志願 結果今年上去年的第一志願(￣▽￣),2,F
69be2a7b-a9f3-460e-87fc-f9c74c78fd57,234935643,2020-12-07T15:06:00.458Z,2020-12-07T15:06:00.458Z,10,B6 我是申請第二學期啦~祈禱後年好轉,0,F
631e3895-0010-4626-b881-a2a2a644abb2,234935489,2020-12-07T08:22:15.978Z,2020-12-07T08:22:15.978Z,1,其實看成績為主，你要擔心的是其他的學霸成績比你好，然後找個教授寫推薦函,3,M
8ff6d3d3-1a67-4010-9205-1dfe685cda24,234935489,2020-12-07T08:28:58.423Z,2020-12-07T08:28:58.423Z,2,B1 這我也擔心😂,0,M
f06f9340-b965-4b73-b792-4846080e600c,234935489,2020-12-07T08:59:19.502Z,2020-12-07T08:59:43.335Z,3,均分90 班排竟然是7...,1,M
c0eea326-4dc1-4077-9cbb-de6a4c786fe5,234935489,2020-12-07T09:02:54.563Z,2020-12-07T09:02:54.563Z,4,"B3 哈哈哈 本系成績給很高 
但日文和程式的成績就....不好拿了",0,M
2053c050-6012-417d-8200-33ffb0e90006,234935489,2020-12-07T09:22:27.340Z,2020-12-07T09:22:27.340Z,5,我猜原po是經濟系啦,1,M
e75910b6-b543-4b4c-8dc6-6a936843a9c4,234935489,2020-12-07T09:31:59.236Z,2020-12-07T09:31:59.236Z,6,B5 哈哈哈噓🤫,0,M
ca58b2b5-d984-461a-809d-071db5bbd421,234935489,2020-12-07T12:34:29.035Z,2020-12-07T12:34:29.035Z,7,我系排比你班排高 我也來申請看看,0,M
614e69e5-3064-48d1-b682-0166a090cf2a,234935489,2020-12-07T12:53:40.952Z,2020-12-07T12:53:40.952Z,8,B7 可啊一起去😂,0,M
572f67e7-a30a-4cf8-9dff-7516803bfe20,234935489,2020-12-07T13:13:08.159Z,2020-12-07T13:13:08.159Z,9,去會被電吧,0,M
9171c8c3-90c7-4aa4-9060-49d8485f924e,234935489,2020-12-07T13:18:57.568Z,2020-12-07T13:18:57.568Z,10,B9 一定會吧 去被電一下也不錯,0,M
c68658e6-95a4-4611-8f8b-9b14ee731c04,234935489,2020-12-07T16:05:30.840Z,2020-12-07T16:06:50.580Z,11,我好像知道你是誰？,0,M
75fe7e50-ed92-4231-9ce3-3cf306a2719c,234935489,2020-12-07T16:08:01.755Z,2020-12-07T16:08:01.755Z,12,B11 🤫 只是問問意見而已哈哈,0,M
bed272d1-847a-490d-8c50-b8376111b052,234935489,2020-12-08T10:47:18.288Z,2020-12-08T10:47:18.288Z,13,"對不起我好奇問一下（真的真的沒有要戰的意思純粹想知道，因為我朋友也在計劃去留學）
明年你敢去嗎？因為畢竟中國疫情那麼嚴重，而且關於疫情的資訊又這麼不透明⋯⋯會不會很危險啊？北京、上海都感覺很恐怖誒⋯而且現在疫情不是又升溫，明年過完年應該又可能情況更差，即使明年年末疫情得到控制還是蠻危險的吧？我是真的覺得安全健康第一啦，純粹好奇+擔心原po的安危",2,F
5e1ce795-d74b-4500-8d7e-06b882235a71,234935489,2020-12-08T11:06:52.834Z,2020-12-08T11:06:52.834Z,14,B10 我跟你講千千萬萬不要修太多課 拜託,0,M
ac4f6852-d2ce-4103-a846-11373e3edb9c,234935489,2020-12-08T11:07:08.319Z,2020-12-08T11:07:08.319Z,15,我是去中央財經大學,0,M
42641357-4ab1-41e4-8d8b-82de71e5c859,234935489,2020-12-08T11:07:57.635Z,2020-12-08T11:07:57.635Z,16,我那時候修管理學 電他們,0,M
11445c54-b5de-4129-990f-99ec15e92463,234935489,2020-12-08T12:24:30.281Z,2020-12-08T12:24:30.281Z,17,"B14 好的😂 銘記在心
B16 我應該只有被電的份哈哈哈",0,M
1c7ebc5a-f68b-4d4b-b023-6a57d403fa58,234935489,2020-12-08T12:28:20.850Z,2020-12-08T12:28:20.850Z,18,"B13 疫情的話 我其實也擔心 所以是計畫先申請最後再看情況（也不一定會上）還有看看明年去之前有沒有機會打到疫苗 
前陣子對岸好像疫情真的有緩和（有認識的哥哥在那邊工作）但最近真的又有疫情出現了
如果不適合當然最後不會去嘍！
現在只是先詢問之前去過的人的經驗 多瞭解情況才好準備
謝謝關心啦😄",1,M
57b04f48-4b24-46d9-8a2f-aa104108a8da,234935489,2020-12-08T12:30:24.015Z,2020-12-08T12:30:24.015Z,19,我的建議是 去對岸 了解他們在幹嘛 剩下的多出去走然後找實習 然後vpn去幹台政青交的帳號密碼 去載pulse secure,1,M
0a6369de-68d7-4aad-bc9f-8370e94315e9,234935489,2020-12-08T12:41:53.327Z,2020-12-08T12:41:53.327Z,20,"B19 我也很想找實習 其中一個目的也是這個😂 有看之前學長姐的心得 所以知道好像可以實習 不知道你之前是怎麼找的 可以提供一些管道嗎

之前好像有銀鷹計畫 好像還有那種銀行學期間的（但我忘了因為那時候看到是在對岸就沒仔細看）

謝謝",0,M
1853abee-a7a3-4480-8302-feb9e89bad44,234935489,2020-12-08T12:56:57.604Z,2020-12-08T12:56:57.604Z,21,B19 pulse secure 是什麼,0,M
804c4a55-f3d7-4507-bd56-a4354eeb6c00,234935489,2020-12-08T13:09:31.505Z,2020-12-08T13:09:54.495Z,22,就是免費的且很好用的學術網路，準確來說官方架的vpn,0,M
581db4b0-5b05-4e50-9ddf-833a157117df,234935489,2020-12-08T13:10:14.901Z,2020-12-08T13:10:14.901Z,23,B20 百度搜尋,0,M
c3a83452-c79a-4c7e-8fd4-5bef544af34e,234935489,2020-12-08T13:44:46.092Z,2020-12-08T13:44:46.092Z,24,"我也蠻想去北京大學的！！
可是轉學的學分還沒補完就想說要不要就算了",0,F
f81a7d90-2da8-4dfd-b9ef-5a924b5cb1fa,234935489,2020-12-08T13:59:20.730Z,2020-12-08T13:59:20.730Z,25,B24  哈哈哈我是沒有學分壓力才敢去的,0,M
36136e3c-af24-44bc-88a4-0d82fcb90c77,234935489,2020-12-08T14:10:20.312Z,2020-12-08T14:10:20.312Z,26,可以延畢啊 我真的很建議去交換 不然會後悔,0,M
39c792b1-47af-4175-9478-a577d0a6b013,234935489,2020-12-10T17:15:27.628Z,2020-12-10T17:15:27.628Z,27,曾經有去過浙江大學交換的經驗,0,M
940c4ced-dbdb-47fe-811f-fcbe742d099d,234933499,2020-12-07T02:16:19.310Z,2020-12-07T02:16:19.310Z,1,我以後也要當這樣的教授，感覺好爽歐,0,M
73878f44-e17e-4360-ab8f-4ecb0a55f070,234933499,2020-12-07T09:28:21.657Z,2020-12-07T09:28:21.657Z,2,曾經上過真滴雷，沒看過這麼噁心ㄉ老頭子,0,M
1eee386c-2f5a-4844-bc54-e9e34474c4bb,234933499,2020-12-07T13:48:51.505Z,2020-12-07T13:48:51.505Z,3,哈哈哈哈哈 不多說惹,0,F
52b4e557-406e-443d-9428-823e87513b36,234933499,2020-12-07T18:45:16.932Z,2020-12-07T18:45:16.932Z,4,Revolution是什麼意思？革命？還革命啊 這句話大概是我上他的課印象最深的一句話………,0,M
1a1858e3-2441-400d-a575-34bd9f69509d,234933499,2020-12-08T00:58:00.388Z,2020-12-08T00:58:00.388Z,5,我也覺得他很雷，還要買一本500多塊的超厚課本，上完馬上賣掉,0,F
486866ac-e5c5-42a1-8b01-0fc02eac29de,234933499,2020-12-08T06:59:57.808Z,2020-12-08T06:59:57.808Z,6,我覺得想補充物理小知識可以選陳秋民的課！,1,F
7397819f-207e-42d6-a583-ab725924e4d5,234933499,2020-12-09T18:08:26.890Z,2020-12-09T18:08:26.890Z,7,好感動 原來不只我這樣覺得（到底要不要退選⋯⋯期中考卷改一個月了都還沒改完真的不簡單🙃）,0,M
2225c6bd-ec38-4e78-a66c-ed6596faef12,234933499,2020-12-11T04:10:55.367Z,2020-12-11T04:11:40.578Z,8,"我修過課想幫說句話 他雖然講得催眠 但就第一點而言 我覺得能反映他對名詞概念的理解很深 才會想補充字面上沒涵蓋的意思

然後這堂課重點在發展史 政治社會背景和學術發展 三者之間的互動 原po如果是文組人應該不難理解這一面

當然 他表達出來不夠吸引 尤其是早八 我也經常遲到 到了又睡🙈",0,M
