26aee2f0-e0aa-4b19-8eb0-f44339275c15,234977531,2020-12-14T02:42:25.086Z,2020-12-14T02:42:25.086Z,1,"微長，結論往下拉
我就讀這所學校是為了錢，所以我選對大學了

以前在外打工，老闆有給我一個觀念
工作有分兩種，賺錢和有興趣的
但是兩種在台灣又很難兼備
如果真的找到就是超級幸運的

所以我決定先賺個錢再去做我想做的事情啦

會對自己的處境感到疑惑我覺得很棒
至少你會去檢視自己的歷程並計畫方向
比起外面糞校糞科系每天得過且過來的好

但有時現實和理想會衝突啦
這時我會考量的是兩個的平衡點
怎麼考量每個人不一樣

但考量的結論是
這裡只是個中途站，不必為學校浪費腦袋
維持最低配合標準，然後迅速安全的畢業
就醬",35,M
88295aef-79bf-44e7-9b64-a9f25a36954d,234977531,2020-12-14T04:21:02.754Z,2020-12-14T04:21:02.754Z,2,贊成,1,M
47cd462f-d9f5-48be-aab0-08df101f1d3e,234977531,2020-12-14T04:24:00.518Z,2020-12-14T04:24:00.518Z,3,值得置頂,3,M
d45aeebe-3b67-4021-95e2-20c6ab168c5d,234977531,2020-12-14T04:40:53.542Z,2020-12-14T04:40:53.542Z,4,計概只學excel？看來是本系呢😎,8,M
37053086-58ca-491c-891a-4787dc566587,234977531,2020-12-14T05:06:23.941Z,2020-12-14T05:06:23.941Z,5,B1 但特考要過捏,1,M
4d5f899c-d23a-40b5-95e8-97955345fa2c,234977531,2020-12-14T05:33:33.824Z,2020-12-14T05:33:33.824Z,6,"當你畢業後發現薪水一個月八萬多 
放假時可以到處玩耍 想買什麼就買什麼 
想玩什麼就玩什麼 
上班時心情差可以把基層當猴子耍 
走到哪都有人家捧你蛋蛋 吹你好棒棒
你就會覺得沒那麼糟",18,M
a09437fd-b2cd-41fc-a260-e29411460faf,234977531,2020-12-14T06:42:35.181Z,2020-12-14T06:42:35.181Z,7,"B5 認同
特考土地公可以幫幫我ㄇ",0,M
b1d7db71-fe54-4998-b37a-c3c51a4f26e4,234977531,2020-12-14T06:45:13.591Z,2020-12-14T06:45:19.970Z,8,B7 仙草蜜拜起來,0,M
65bdeca4-58a3-40c6-9abf-448498722799,234977531,2020-12-14T06:46:15.141Z,2020-12-14T06:46:50.298Z,9,我從小就立志當警察 實在沒這種問題 不想當就去做別的職業 我也擔心那些一點志向都沒有的人以後尸位素餐罷了,1,M
d17d6fa1-7f31-407b-b3e9-3bc4c1e28d26,234977531,2020-12-14T07:03:43.575Z,2020-12-14T07:03:43.575Z,10,重點是特考要過阿，我才不在乎學校多鳥勒,0,M
c6198220-0951-4463-acdb-39f793f42a88,234977531,2020-12-14T07:05:25.128Z,2020-12-14T07:05:25.128Z,11,"B9 你命真好
要是每個人都能像你一樣有選擇的餘地就好",1,M
71a44332-c7ed-42bc-8615-a41c2e8aba40,234977531,2020-12-14T07:07:53.913Z,2020-12-14T07:07:53.913Z,12,可是已經不能重考了,0,M
e0c37861-af62-4701-bba5-6353b68fb04e,234977531,2020-12-14T07:10:33.959Z,2020-12-14T07:10:52.725Z,13,B6 ㄧ畢業不可能到八萬多,0,M
88820ef1-e613-4648-ab81-1385eff57893,234977531,2020-12-14T07:18:08.120Z,2020-12-14T07:18:08.120Z,14,B13 畢業不用一年當所長 加給湊一湊 有八萬,0,M
db61cd26-5bab-42cf-a0a1-a228f81f10d6,234977531,2020-12-14T07:20:23.464Z,2020-12-14T07:20:23.464Z,15,"B6 831消防系一個學弟一分發去澎湖當分隊長直接超過八萬 
可惜他補考特考沒上",3,M
352b293e-c18a-4a8a-9780-1764ecdbc831,234977531,2020-12-14T08:35:10.028Z,2020-12-14T08:35:10.028Z,16,"B15 
乾好衰",0,M
dd12b372-9282-41fd-a100-052657b00d38,234973316,2020-12-13T09:13:32.537Z,2020-12-13T09:13:32.537Z,1,"看你幾年級啊
大三之前都不用唸啦",4,M
b4f03e1b-352a-4fad-9109-9abcaf396848,234973316,2020-12-13T09:42:02.889Z,2020-12-13T09:42:02.889Z,2,"消防考四等妥妥的
不需要為了三等偷讀書啦",23,M
4943c78d-f8c9-4d46-8afe-00850603b069,234973316,2020-12-13T10:12:29.062Z,2020-12-13T10:12:29.062Z,3,"看個人吧
我是從大一下學期開始慢慢讀，到了大四就不像臨時抱佛腳的人讀得那麼辛苦，也是穩穩過3等

話說，我專題作跟特考科目有相關，邊作邊複習法規，蠻實用的。",7,M
4619a60d-f8b7-4dd6-bdbc-d0faddfdc490,234973316,2020-12-13T10:24:38.766Z,2020-12-13T10:25:00.501Z,4,,,
e0752b3e-2fe3-43f1-b5c3-ff0650eb565c,234973316,2020-12-13T10:25:59.594Z,2020-12-13T10:25:59.594Z,5,B2 這樣一開始去唸警專不就好了？,5,M
823aa808-a2da-4ca8-80d9-44f814775de9,234973316,2020-12-13T10:39:45.483Z,2020-12-13T10:39:45.483Z,6,"你想想看
今年名額40
82-86大約有6、70個要考的",12,M
7a6bc34e-6d22-4015-b5cd-8b2048d66995,234973316,2020-12-13T11:15:18.398Z,2020-12-13T11:15:18.398Z,7,好激鬥峽谷，不玩嗎？,1,M
8adc1102-d2f7-4318-8ab1-115b54377b14,234973316,2020-12-13T11:21:59.148Z,2020-12-13T11:21:59.148Z,8,說得也是,1,M
7bf5e345-e63e-4697-9426-edd57bbdedde,234973316,2020-12-13T12:44:22.566Z,2020-12-13T12:44:22.566Z,9,B5 早知道會這樣 我就去唸警專了,2,M
91d1b02a-2414-4a6f-80fc-5929e978f152,234973316,2020-12-13T12:47:08.645Z,2020-12-13T12:47:08.645Z,10,"B6 
你只要騙30個人去考4等，這樣就穩了啊",0,M
f6c93ce8-e944-4cd4-8872-3d2e9cc76b5b,234973316,2020-12-13T12:57:56.463Z,2020-12-13T12:57:56.463Z,11,B10 好,0,M
270dfc51-bc31-46f8-b3a2-f9f539aa9875,234973316,2020-12-13T12:59:14.920Z,2020-12-13T12:59:14.920Z,12,B10 騙去考 應該也是會掉不少人吧 每年都這樣..,0,M
96054769-2c1a-477a-8586-d1f98c8d9f12,234973316,2020-12-13T13:06:14.415Z,2020-12-13T13:06:14.415Z,13,"B12 
誒不是，考4等也會掉？你說話要認真餒",0,M
2ac364de-219a-42b2-b049-7f9663853784,234973316,2020-12-13T13:21:19.926Z,2020-12-13T13:21:19.926Z,14,現在是要號召一堆人考四等害警專掉人嘛,1,M
3aaf9a6b-563c-4592-bd44-272ba0dc8b90,234973316,2020-12-13T15:14:15.234Z,2020-12-13T15:14:15.234Z,15,"同感 系上同學說每次看到我在寢室都是在讀書
哭啊 我們不同樓層還繞過來偷窺我到底是有多變態 = =",2,M
fe9299b2-e7ab-4a45-b941-4ac615df4c64,234973316,2020-12-13T15:21:16.154Z,2020-12-13T15:21:16.154Z,16,阿就低能阿 念個書好像被認為是在做虧心事 大家時間都是一樣的 想怎麼運用是自己的事,5,M
a7a5b566-dad8-44bd-804b-714a13c458cc,234973316,2020-12-13T15:32:01.756Z,2020-12-13T15:32:01.756Z,17,什麼系說一下,0,M
a5cb57ae-0ca5-47c9-af1d-e0497343c88f,234973316,2020-12-13T15:40:20.989Z,2020-12-13T15:40:38.011Z,18,行政,0,M
0d95d2aa-9d48-4450-9ba6-b387a00bfbde,234973316,2020-12-13T16:05:51.436Z,2020-12-13T16:05:51.436Z,19,"學長好
學弟我自己不是什麼特考難考的系
不過也大三了 有空在寢室也是多看點書

只是同學路過去盥洗還是上廁所幹嘛時會一直看在讀什麼
甚至上課時還會直接拿出來嘴 阿誰誰誰空堂在看哪個科目這樣

真的有必要這樣嗎== 生病484 想考過特考錯了嗎QQ",1,M
be3cb0ea-7b36-4698-a367-9c41e02445b7,234973316,2020-12-13T16:15:57.088Z,2020-12-13T16:25:39.174Z,20,讓他嘴阿看阿 他嘴巴眼睛出再多也搶不走你念進去的東西 這所學校生病的人很多不需要被其他人的言行影響了自己,1,M
ba31cafa-b14c-4df1-8462-c973bc8767fc,234973316,2020-12-13T16:27:01.526Z,2020-12-13T16:27:01.526Z,21,歐氣氣氣氣 學霸思維爆發ㄌ 開始瞧不起打lol仔ㄌ,0,M
dac34704-7075-41e3-9015-0285ad32fffb,234973316,2020-12-13T16:27:40.436Z,2020-12-13T16:27:40.436Z,22,要背歌詞啊各位BLINK!,0,M
9153d491-ff36-4f3c-9ae0-3559cc573acc,234973316,2020-12-13T16:41:55.872Z,2020-12-13T16:41:55.872Z,23,打LOL怎麼了嗎？我以前每天打還是上警大啊,0,M
029cea45-f2cc-480f-ac7a-3374db825ab9,234973316,2020-12-13T23:05:53.289Z,2020-12-13T23:05:53.289Z,24,B23 大哥是哈士騎嗎？,2,M
fad0b9e7-6cf6-4502-b934-eeecb8910bc6,234973316,2020-12-14T01:26:41.715Z,2020-12-14T01:26:41.715Z,25,讀書的事，能算偷麼！,2,M
4ab9f412-b695-4aac-9e81-ab69e7da7680,234973316,2020-12-14T01:56:54.953Z,2020-12-14T01:56:54.953Z,26,這些話應該是 爽系的隊職官說的吧,1,M
e603edd8-c9d7-4570-8afa-f951b8e69d6a,234973316,2020-12-14T02:06:39.890Z,2020-12-14T02:07:59.062Z,27,"本人以前在文山時，下課多看個幾分鐘的書，就被人家講話了......
來到了龜山，結果每個人讀書都在比誰比較晚睡.....",0,M
5d349872-0f72-4f43-8885-4a82f814d887,234973316,2020-12-14T02:54:46.626Z,2020-12-14T02:54:46.626Z,28,"乖乖看書別在意其他人啦
別人嘴給他嘴啊
看他能不能嘴過國考",0,M
5b9755fe-8786-4f80-bebf-b9843f60542c,234973316,2020-12-14T03:13:36.001Z,2020-12-14T03:13:36.001Z,29,B27 二技？,0,M
c3453b91-37a6-4c5e-95ae-51848c2b3d89,234973316,2020-12-14T04:00:54.833Z,2020-12-14T04:00:54.833Z,30,"所以每天打lol不正常嗎？
講的好像一定要整天唸書才正常一樣耶",1,M
7a323ff2-1c98-42c4-93dc-1e5b5751645e,234973316,2020-12-14T04:09:35.373Z,2020-12-14T04:09:35.373Z,31,"真的很討厭每次讀書時被說在偷讀書= =
有的人甚至還會當伸手牌偷筆記
怎麼不自己去讀書做筆記阿..",5,F
a5052168-da99-42b9-932f-4ac40dbeaca5,234973316,2020-12-14T04:22:16.708Z,2020-12-14T04:22:16.708Z,32,B31 超討厭這種的,1,M
972f08f4-a7b1-4f09-9085-16cdd2473ff7,234973316,2020-12-14T05:03:11.582Z,2020-12-14T05:03:11.582Z,33,"B29 
大家現在都是誠園大家庭的一家人",0,M
054dbbfb-ec34-4fde-8bda-d61c820ac710,234973316,2020-12-14T05:08:05.259Z,2020-12-14T05:08:05.259Z,34,B33 一條心一條心大家一條心,0,M
3f030e6b-6b48-4242-a578-9c627e5ea463,234973316,2020-12-14T05:18:32.907Z,2020-12-14T05:18:32.907Z,35,所以說打lol惹你了嗎,0,M
4e476c87-0e0e-4e96-8b3a-12a76b32066e,234973316,2020-12-14T06:20:09.368Z,2020-12-14T06:20:09.368Z,36,B35 怎麼會呢?,0,M
3835ba92-8d4d-4dbf-b610-c4276d7c50ac,234973316,2020-12-14T07:43:40.749Z,2020-12-14T07:43:40.749Z,37,這裏有讀書的風氣！？,0,M
2064e5ed-0af1-4344-b5c7-efbcd8838442,234973316,2020-12-14T10:24:58.701Z,2020-12-14T10:24:58.701Z,38,同溫層取暖 呵呵😏🤭😏,0,M
357b43a2-8f48-480b-a8c5-b78fc4657a21,234973316,2020-12-14T11:06:55.442Z,2020-12-14T11:06:55.442Z,39,不爽不要讀,0,M
57b3585f-4be9-47d4-abc8-01737904e275,234973316,2020-12-14T11:45:00.701Z,2020-12-14T11:45:00.701Z,40,B0 所以我都揪同學一起唸書，這樣就沒有偷唸書的問題了👍,0,M
3bf726b6-60ce-4c72-bd2d-c3d8ffb89b14,234967716,2020-12-12T08:13:38.032Z,2020-12-12T08:13:38.032Z,1,社聯會發的簡報說可以，區隊長卻說不行，不懂哪個是對的,2,M
42c1d0a1-ccf6-46c6-b074-cad8aa294e58,234967716,2020-12-12T08:27:34.324Z,2020-12-12T08:27:34.324Z,2,柔道服也算吧,48,M
3ef8aa88-3637-4a39-a476-cb831a2ac27b,234967716,2020-12-12T08:27:36.520Z,2020-12-12T08:28:54.311Z,3,"我有私訊粉專問過了
應該是白天不行 晚上可以～
有問題可以私訊粉專問看看ㄅ",2,M
798c41f7-70ac-4c73-b233-029d20b97828,234967716,2020-12-12T08:34:45.408Z,2020-12-12T08:34:45.408Z,4,穿柔道服被禁止會笑死XD,15,M
09df5fbd-6ba3-492d-8f0f-77d83055c61d,234967716,2020-12-12T08:41:33.013Z,2020-12-12T08:41:33.013Z,5,那我穿劍道服,14,M
1a81a733-63ca-4cd1-959a-cf9a684ba691,234967716,2020-12-12T08:47:49.771Z,2020-12-12T08:47:49.771Z,6,"學校又朝令夕改了是不是ㄏ
要辦日式慶典又說不能穿日式服裝",8,M
cba9c0c5-b420-4ff6-9888-cd1ec7e186dc,234967716,2020-12-12T08:56:36.711Z,2020-12-12T08:56:36.711Z,7,"不能穿日式的衣服因為有軍國主義
那是不是也不能穿中國保定摔跤衣不然有支持中國共產的疑慮",44,M
5670fcdb-79f9-4d32-b7f1-6fb209cfb6c9,234967716,2020-12-12T10:23:18.082Z,2020-12-12T10:23:18.082Z,8,先說妳就是妳學妹啦,4,M
35ee61b7-a6fb-4063-84b9-3cfcc97d85c4,234967716,2020-12-12T10:42:29.910Z,2020-12-12T10:42:29.910Z,9,可以啦我都租了幹,2,M
5a4fc700-e801-4869-916a-acd483a607df,234967716,2020-12-12T10:48:09.939Z,2020-12-12T10:48:09.939Z,10,我朋友⋯⋯呃不 說學妹好了（燦笑,3,M
da580733-1bf5-4da4-bc9b-a86f99163b7b,234967716,2020-12-12T14:01:14.333Z,2020-12-12T14:01:14.333Z,11,B8 魯妹要穿柔道服啦,5,F
f87f55f6-9fff-469c-9b8e-810ce8dd5ea8,234967716,2020-12-12T15:53:24.933Z,2020-12-12T15:53:24.933Z,12,"日式慶典不能穿日式服裝
乾脆早點名改成吃早點好了",31,M
a9002e10-d437-42f9-b029-79205b6f79c7,234967716,2020-12-12T16:38:36.056Z,2020-12-12T16:38:36.056Z,13,"就那個一月要退的腦子進水啊 
趕快退一退啦 禍害一枚",1,M
ffa31e0f-5dc8-485e-a2d6-9a9032f6449a,234967716,2020-12-12T16:40:30.126Z,2020-12-12T16:40:30.126Z,14,"社聯發個公告吧
看是要甩鍋給學校還是要坦起來
起碼讓人能夠好好準備服裝行不行？",2,M
dee6a252-11f7-4593-8f10-5db12ef2fe9a,234967716,2020-12-12T18:27:00.769Z,2020-12-12T18:27:00.769Z,15,"黎明哥
唉
爛",2,M
6abf7989-5390-4a0e-9981-7bd57df0fc7f,234967716,2020-12-13T04:48:11.051Z,2020-12-13T04:48:11.051Z,16,窩要穿宅T,1,M
2407af42-5dcd-4583-a47d-c0166e64761b,234967716,2020-12-13T09:15:15.981Z,2020-12-13T09:15:15.981Z,17,"柔道服是白的
血是紅的
可以穿紅白配色
懂？",2,M
7a6dc56d-d3e3-4f52-9150-76d44c7bb101,234967716,2020-12-13T09:49:49.830Z,2020-12-13T09:49:49.830Z,18,區隊長跟隊職官 閉嘴,4,M
36c6a7dd-8231-4a34-8632-bf8556f8f873,234967716,2020-12-13T13:22:04.771Z,2020-12-13T13:22:04.771Z,19,所以有人要穿柔道服？,0,M
3f71b437-556e-4aad-85f4-d43655d04b2e,234967716,2020-12-14T04:40:41.797Z,2020-12-14T04:40:41.797Z,20,想看學妹穿和服,1,M
a36b02bc-c8b9-4bbc-a81f-4d15597de363,234967716,2020-12-14T07:44:57.853Z,2020-12-14T07:44:57.853Z,21,那⋯可以穿泳裝嗎,0,M
1b1bad78-f7f9-49ab-bb62-808725b2d4f6,234967716,2020-12-14T08:27:41.363Z,2020-12-14T08:27:41.363Z,22,"穿一件內褲演汁男
應該也算日式服裝吧",0,M
1d4022f5-85ef-465e-bf2b-c2a35a7e53f0,234967716,2020-12-14T10:22:39.266Z,2020-12-14T10:22:39.266Z,23,B22 @銘,0,M
85971f09-8035-4e1d-aea5-f9f589a5b109,234964761,2020-12-11T16:45:16.951Z,2020-12-11T16:45:16.951Z,1,4A有,1,M
43accb5a-ddb5-41ff-8cc8-93e38890ed9a,234964761,2020-12-11T17:18:31.432Z,2020-12-11T17:18:31.432Z,2,32D 讚,19,M
5a348aeb-d463-41b2-8626-bc520004059d,234964761,2020-12-12T10:02:19.036Z,2020-12-12T10:02:19.036Z,3,幹五樓全部沒有,0,M
eb862335-5662-4fdb-a636-1a0fe2371752,234964761,2020-12-12T10:05:41.090Z,2020-12-12T10:05:41.090Z,4,連基本民生需求都沒辦法解決......,0,M
4d81ff98-7d00-40dd-b6f2-8cd91852e8c5,234964761,2020-12-13T09:50:30.521Z,2020-12-13T09:50:30.521Z,5,B2 32D是真的不錯😂,2,M
9b747508-d293-47db-ba17-4126ae435677,234963224,2020-12-11T13:11:23.560Z,2020-12-11T13:11:23.560Z,1,"學生都要沒未來了
舊宿舍加減住一住就好啦==",43,M
85fff1a3-edee-46aa-a982-fa2afc051fdf,234963224,2020-12-11T13:40:23.056Z,2020-12-11T13:40:23.056Z,2,現在缺這麼少該停招一下專心蓋宿舍吧,6,M
5228ea49-88bb-4b34-a384-560b365a6a88,234963224,2020-12-11T13:42:59.891Z,2020-12-12T02:41:20.480Z,3,,,
2c75ce6b-1ec0-4f74-9a85-3dd0bc0bbd8b,234963224,2020-12-11T13:51:55.037Z,2020-12-11T13:51:55.037Z,4,大學部越招越少，友誼樓就夠啦,0,M
f2ad839c-e28a-4ba8-b838-50db42c47b60,234963224,2020-12-11T13:56:52.013Z,2020-12-11T13:56:52.013Z,5,"901砍一半
幹嘛要蓋新的宿舍啊",0,M
23ebf173-a5ca-4bf4-ada1-0e048368d8df,234963224,2020-12-11T13:59:35.770Z,2020-12-11T13:59:50.455Z,6,760剩半年，以後三個期隊可以共享整棟警英了，幹嘛還蓋新的,2,M
98382451-9466-4e69-a25a-e027ddaf9c1e,234963224,2020-12-11T14:03:03.331Z,2020-12-11T14:03:03.331Z,7,舊的拆掉啊,0,M
58f39560-a17a-4b5f-a8b4-185ed0972570,234963224,2020-12-11T14:32:44.832Z,2020-12-11T14:32:44.832Z,8,"之後大家都住友誼就好了ㄚ
雖然消化特考沒過的大概要消化到951之類的",0,M
828c44cf-005d-4566-ab40-ba5da47f7c6c,234963224,2020-12-11T14:48:01.654Z,2020-12-11T14:48:01.654Z,9,B2 認同,0,M
6810216b-68b8-46f8-9d0c-3a86d705838a,234963224,2020-12-11T18:17:04.543Z,2020-12-11T18:17:04.543Z,10,"不都有友誼樓新宿舍了？ 警專多久沒新大樓了
哩麻幫幫忙",3,M
04ccb59b-20ab-4087-8539-e96e854f3772,234963224,2020-12-12T02:27:49.404Z,2020-12-12T02:27:49.404Z,11,友誼不知道在蓋三小,0,M
c61e744e-425f-45e3-8737-5da52c3812c5,234963224,2020-12-12T05:49:10.210Z,2020-12-12T05:49:10.210Z,12,"都要廢校 變巡官訓練所了
幹嘛蓋新大樓",0,M
acf5ed0b-e388-4c67-a74b-2559c21da3c9,234963224,2020-12-14T02:32:03.881Z,2020-12-14T02:32:03.881Z,13,沒學生了啦,0,M
6439c34b-3e83-4209-b1a2-ab6eb36c7408,234958421,2020-12-10T23:10:53.312Z,2020-12-10T23:10:53.312Z,1,咳咳綜藝咳咳逮捕術咳咳,4,M
61f83cef-c046-464f-ad5d-7a6700e6ba90,234958421,2020-12-11T08:36:50.106Z,2020-12-11T08:36:50.106Z,2,nice meme,0,M
9115c0f4-d3fb-4d8d-88e7-c3bae1665d7e,234957344,2020-12-10T15:05:02.863Z,2020-12-10T15:05:02.863Z,1,沒錢啦乾,3,M
ef7e24d2-cd4f-4e06-bd49-5763f18ac6ff,234957344,2020-12-10T15:06:27.245Z,2020-12-10T15:06:27.245Z,2,"早知道就去唸警專了
好想看忻玥現場",3,M
758de8e8-4dea-440e-9785-717d7ef6d2ec,234957344,2020-12-10T16:12:29.775Z,2020-12-10T16:12:29.775Z,3,她是誰,0,M
f4d06fe2-9618-4d41-b149-18cc0f6e525d,234957344,2020-12-10T16:14:03.931Z,2020-12-10T16:14:03.931Z,4,請到她來直接死而無憾,0,M
65486223-79f8-42bf-897e-2c0cd04742f6,234957344,2020-12-10T16:20:04.420Z,2020-12-10T16:20:04.420Z,5,B3 我女神 https://youtu.be/P8uJ4gFjJGE,4,M
298f4410-c0d8-4c52-b569-90a0a4720d0e,234957344,2020-12-10T19:29:47.533Z,2020-12-10T19:29:47.533Z,6,就請不起啊(;´༎ຶД༎ຶ`),0,M
539205a7-8904-41ea-bee7-55ae31be0779,234957344,2020-12-11T01:52:51.369Z,2020-12-11T01:52:51.369Z,7,"社會敗類
炙愛
煙幕
猜
以下開放補充",1,M
a55858e0-ee73-45d7-b88a-3c9d46385dc0,234956625,2020-12-10T13:22:58.819Z,2020-12-10T13:22:58.819Z,1,哇哇哇好可怕 啊啊啊啊啊啊啊啊啊啊啊,1,M
f2317a11-6340-4f41-9156-7c3ce615ee63,234956625,2020-12-10T13:23:18.927Z,2020-12-10T13:23:18.927Z,2,快逃啊！！！！！！！,1,M
a60b06f0-10d3-4328-aa7e-e3196c9f4cdd,234956625,2020-12-10T13:23:47.869Z,2020-12-10T13:23:47.869Z,3,警英要倒了嗎rrrrrrrrrrrrrrrrrr,6,M
28c73fd1-c595-4008-b96f-afdc5a6f5721,234956625,2020-12-10T13:25:10.347Z,2020-12-10T13:25:10.347Z,4,乾 燥大,0,M
574dc01c-0dc8-45a6-9e18-669090a78a55,234956625,2020-12-10T13:31:34.273Z,2020-12-10T13:31:34.273Z,5,同學不要驚慌~我們繼續晚點名~,7,M
99e606b6-c169-461a-8722-925360977c40,234956625,2020-12-10T13:34:00.725Z,2020-12-10T13:34:00.725Z,6,碎步訓練太精實了 嚇到我了,6,M
995fc860-2fa6-4af1-bc52-e994f5898714,234956625,2020-12-10T13:34:43.295Z,2020-12-10T13:34:43.295Z,7,某交通：我的霸王色霸氣,1,M
03b5d61e-b0a5-41c4-afad-ba0b17b5c46a,234956625,2020-12-10T13:36:48.597Z,2020-12-10T13:36:48.597Z,8,"由地震看見隊部的無能……
演習就做做樣子嘛~",4,M
66451292-bd09-4dac-8d90-050c45776818,234956625,2020-12-10T13:37:04.131Z,2020-12-10T13:37:37.856Z,9,,,
2e647056-f7fb-44d1-a704-84bbd12d85c8,234956625,2020-12-10T13:38:54.420Z,2020-12-10T13:38:54.420Z,10,警英是不是要垮了???,2,M
eeea48d5-f9bc-4e42-acc9-6096dd41e908,234956625,2020-12-10T13:39:57.491Z,2020-12-10T13:39:57.491Z,11,"繼續晚點名是三小？
證明地震演練根本只是作秀啊
這所學校真的低能無下限🤦‍♂️🤦‍♂️🤦‍♂️",43,M
d38c9322-84e4-468b-831a-de47f0db96a2,234956625,2020-12-10T13:42:56.441Z,2020-12-10T13:43:39.525Z,12,隊部師長是震到腦震盪嗎？,4,M
d0a12c32-d56b-4ae9-9c4f-fc0e8174a882,234956625,2020-12-10T13:45:01.125Z,2020-12-10T13:45:01.125Z,13,聽說警英天花板裂開了，快逃啊,0,M
6b67ac05-dc0c-48f8-b868-761bfa88993d,234956625,2020-12-10T13:46:08.661Z,2020-12-10T13:46:08.661Z,14,笑死 地震演習假的,1,M
cee6a9c8-6bee-4b35-9ec8-61f47ec1b746,234956625,2020-12-10T13:51:26.235Z,2020-12-10T13:51:26.235Z,15,警英樓裂痕😂,1,M
786fbeed-8dc3-462b-ae78-ade70bad9b8b,234956625,2020-12-10T13:52:11.579Z,2020-12-10T13:52:11.579Z,16,無能,0,M
ad2247a6-a320-406d-8221-6e118acedc88,234956625,2020-12-10T13:53:43.884Z,2020-12-10T13:53:43.884Z,17,https://i.imgur.com/tuzOK02.jpg,2,M
f0911a47-eeeb-4fab-b88e-be7ed764869d,234956625,2020-12-10T13:54:45.292Z,2020-12-10T13:54:45.292Z,18,https://i.imgur.com/Db9mWJx.jpg,3,M
c4cae160-f7ec-4274-9410-37fec847b8fa,234956625,2020-12-10T13:55:37.508Z,2020-12-10T13:55:37.508Z,19,耐震補強很耐喔,4,M
4320b388-94bb-4a9c-99d1-d42e21e139cf,234956625,2020-12-10T14:00:19.833Z,2020-12-10T14:01:43.464Z,20,"拿學生生命安全開玩笑
都40幾年了為什麼不好好處理這間老舊建築",27,M
f285c91a-8893-4040-9614-b3fef5e5986e,234956625,2020-12-10T14:01:32.897Z,2020-12-10T14:01:32.897Z,21,耐震補強應該都用在圖書館旁的斜坡了吧,4,M
7a621cdc-4cf3-47ab-8a0f-595c06830a02,234956625,2020-12-10T14:03:47.292Z,2020-12-10T14:03:47.292Z,22,"偉哉我警察大學
風中蟾蜍搖搖欲墜",0,M
a6351563-f028-4660-94a5-88f67724ad03,234956625,2020-12-10T14:05:07.641Z,2020-12-10T14:05:07.641Z,23,"友誼樓有沒有比警英樓穩固？
這我不敢妄下斷語",2,M
b1ce4f39-3540-4eed-8a46-6d26514f1d23,234956625,2020-12-10T14:17:02.141Z,2020-12-10T14:17:02.141Z,24,我們繼續補磁磚噢！,2,M
4dafa422-e046-42a8-8516-e1aecc7c8e27,234956625,2020-12-10T14:44:45.337Z,2020-12-10T14:44:45.337Z,25,B21 想聽故事,0,M
3fad1763-8ed7-4e33-a2e3-4d60610c5b54,234956625,2020-12-10T14:46:25.613Z,2020-12-10T14:46:25.613Z,26,置板凳,0,M
fe63740e-ddc6-40a6-a6fe-a421fb4c16ea,234956625,2020-12-10T14:53:39.371Z,2020-12-10T14:53:39.371Z,27,"B25 問家族學長或實習的時候問警大的師傅
你會知道很多洨秘密哦",0,M
fc76bf5a-ac19-4641-8d34-7e0b1f784a54,234956625,2020-12-10T14:57:16.605Z,2020-12-10T14:57:16.605Z,28,"弱弱問一句
剛剛跑出宿舍沒有填到出入登記簿
可以補填嗎？
.
.
再問一句
地震演習是不是只是總隊長想換地方早點名而已啊？",13,M
f7cce23c-fa7e-4189-9d92-f44b43741e4b,234956625,2020-12-10T22:47:49.421Z,2020-12-10T22:47:49.421Z,29,B28 趕快去填 實區在查,0,M
1ce60c7b-6f91-4030-82e2-a016034163d6,234956625,2020-12-11T00:20:01.418Z,2020-12-11T00:20:01.418Z,30,"大家在驚魂未定的同時
記得打個電話回家問看看家人狀況吧
順便報個平安
如果聯絡不到親友的話可以用1991報平安專線喔～",4,M
eab060eb-fb5a-434a-b050-47cea94ea7e9,234956625,2020-12-11T00:54:52.813Z,2020-12-11T00:54:52.813Z,31,"B17 B18 
可以說一下 是哪裡的照片嗎？",0,M
1c3d3b0a-114f-4f41-988d-a512a693be71,234956625,2020-12-11T01:02:06.914Z,2020-12-11T01:02:06.914Z,32,B31 我是B18，這是別人的IG截圖啦，不過據說是警英的文康室牆面，一道很長很大的裂縫,0,M
5a5faccc-1e1c-44ef-b425-721bdc3334e4,234956625,2020-12-12T09:41:42.388Z,2020-12-12T09:41:42.388Z,33,友誼樓被震一個直接沒熱水,1,M
a263907a-5af5-4c1d-8ddd-50438016c165,234953876,2020-12-10T05:46:12.409Z,2020-12-10T05:46:12.409Z,1,"我剛剛已經喊了
有夠雞掰",7,M
06bd59bd-cb7d-46ca-a4d2-7c5b5f39957f,234953876,2020-12-10T06:01:04.400Z,2020-12-10T06:01:04.400Z,2,當我不想睡喔 ㄏㄚˋ,1,M
5b3131d1-0c2c-4fd3-a579-c1dd5beea0cf,234953876,2020-12-10T06:01:10.112Z,2020-12-10T06:01:24.787Z,3,,,
c66bb7e8-1a95-4db9-8576-41a64dec76c6,234953876,2020-12-10T06:02:00.225Z,2020-12-10T06:02:00.225Z,4,擦玻璃啦,0,M
c121f4e8-2d39-4919-a1f3-5681330064d3,234953876,2020-12-10T06:58:56.844Z,2020-12-10T06:58:56.844Z,5,"真的是ㄍㄨㄧ懶趴惠
聽說是891的？",1,M
2695d734-0690-4d8d-ba5e-a7eba4f0ace2,234953876,2020-12-10T08:07:11.982Z,2020-12-10T08:07:35.140Z,6,,,
33b0d05b-9f58-437c-b100-f97d47c12fcb,234953876,2020-12-10T10:11:56.043Z,2020-12-10T10:11:56.043Z,7,你猜啊,0,M
47411f9a-f055-40ae-b929-6c51e091f0ba,234953876,2020-12-10T10:37:56.529Z,2020-12-10T10:37:56.529Z,8,學弟在擦窗戶,0,M
53031105-0b19-4a69-b88b-259a7b577f6e,234953876,2020-12-10T14:36:26.521Z,2020-12-10T14:36:26.521Z,9,有規定擦窗戶不行說話嗎,0,M
15f7b3f0-6192-452a-8b9d-70558d56e15f,234953876,2020-12-10T15:38:08.247Z,2020-12-10T15:38:08.247Z,10,"B9 是不會小聲說？
擦窗戶很委屈？
他媽的我們哪個以前中午沒被叫去打掃過
你很偉大？
低能兒 欠打",1,M
072f003e-46e4-4f46-89a2-4ea6170f71f0,234953876,2020-12-10T15:44:04.744Z,2020-12-10T15:44:04.744Z,11,B10 干你屁事？你很偉大？,0,M
10ea27e8-3ea9-47c5-bdc9-85ba558f4bd5,234953876,2020-12-10T16:05:12.209Z,2020-12-10T16:05:12.209Z,12,"B11 
操你的 中午被你吵了一個小時
你還有臉說話",1,M
b7b5e213-43e2-4571-85aa-b41d2da76669,234953876,2020-12-10T16:09:37.622Z,2020-12-10T16:09:37.622Z,13,"沒有人規定掃地不能聊天啊
不過聊成那樣 友誼的居民都不用休息嗎
還上來大放厥詞、理直氣壯的...
89隊部不是要求很嚴格 四年如一致？
大一上都還沒過完就敢顛倒是非了 笑死",0,M
7b6b2c61-9d5a-477b-abde-fb0b1df0d5c5,234953876,2020-12-11T12:02:07.085Z,2020-12-11T12:02:07.085Z,14,"學長好兇
學弟好趴",0,M
bab9d7f4-db35-41c9-9d95-f92d4d089103,234942124,2020-12-08T10:29:12.806Z,2020-12-08T10:29:12.806Z,1,感謝你😊😊 剛剛很焦急的說 祝你健康快樂 你真是好人👍,11,F
fe28a53d-7f70-4a1f-a9ea-093ad7962f81,234942124,2020-12-08T10:44:09.938Z,2020-12-08T10:44:09.938Z,2,喔買嘎好好笑哈哈哈哈,1,F
498c7f10-c2b5-469e-88e4-b93e60492f15,234942124,2020-12-09T01:32:49.167Z,2020-12-09T01:32:49.167Z,3,ㄇㄚˊ幾可愛,0,M
05819810-2586-4024-9ab0-0bd24a1ec895,234942124,2020-12-09T10:53:14.121Z,2020-12-09T10:53:14.121Z,4,可以要麻吉兔的桌布嗎,0,M
c86f4507-a9ef-4d1e-99a1-ce3099438f8d,234942124,2020-12-09T15:58:29.662Z,2020-12-09T15:58:29.662Z,5,https://megapx-assets.dcard.tw/images/b850dfda-5622-47f6-a4a7-edae83ef47c3/full.jpeg,1,M
cfa6098b-835a-47a5-aa85-a3adb10bc0f3,234942124,2020-12-09T15:58:48.688Z,2020-12-09T15:59:02.141Z,6,,,
1a646ffc-98ab-48ee-ad6a-d1df4f92d426,234942124,2020-12-09T21:51:20.736Z,2020-12-09T21:51:20.736Z,7,有人也瘋麻吉兔兔嗎☺,1,F
81a3a7d6-2e3d-4778-a1d5-984de6b56ce4,234942124,2020-12-09T23:22:20.080Z,2020-12-09T23:22:20.080Z,8,B7 我喔！(◔‿◔),0,F
2ff78176-37a1-4d4f-8eba-3b96bef608bd,234941747,2020-12-08T08:50:37.046Z,2020-12-08T08:50:37.046Z,1,鬥爭從小做起,0,M
dd1e64ba-6310-407b-894b-abdd2a9e8a7f,234941747,2020-12-08T08:51:58.909Z,2020-12-08T09:12:50.874Z,2,已畢業的我會報四等，希望能慢慢藉由擠掉警專生讓他們家長抗議來恢復單軌,38,M
1fe8fa17-03fd-41b0-8979-9d388467dd1e,234941747,2020-12-08T09:04:08.517Z,2020-12-08T09:04:08.517Z,3,B2 就算給你擠掉三十個人，你覺得警專會在意嗎🤣,41,M
c06fa0c7-f697-450e-a66e-4f5413e1f2b0,234941747,2020-12-08T09:06:12.708Z,2020-12-08T09:12:34.892Z,4,"B3 剩500個多少有影響吧？反正也要試過才知道，為將來的學弟妹盡個個人之力～
如果有機會把每年分給外軌都名額要回來多好啊！大家可以一起考起來啊～～～",4,M
a7248a1c-f86f-448d-b09b-9708cf0822c6,234941747,2020-12-08T09:11:13.549Z,2020-12-08T09:11:13.549Z,5,二技別亂,2,M
6321d11c-cf5a-40e3-95ca-531d173e0f21,234941747,2020-12-08T09:28:09.202Z,2020-12-08T09:28:09.202Z,6,B2學長好像沒看過警專最後一屆單軌錄取率，保證比你用擠人家名額還誇張低,0,M
779eaae2-3a6c-4702-9de9-dab06875fd69,234941747,2020-12-08T09:28:14.532Z,2020-12-08T09:28:14.532Z,7,"學校會幫助你們
不爽不要讀",0,M
e45ef34a-c559-46ae-9fad-587003a4cd2c,234941747,2020-12-08T09:31:32.662Z,2020-12-08T09:31:32.662Z,8,"B6 跟年代背景也有關係，那陣子考公務員風氣很盛，至少跟現在比
或許沒辦法改變什麼，但至少努力看看！",0,M
e43635a2-9037-432e-a4d9-c3374e9bd3a5,234941747,2020-12-08T09:36:03.910Z,2020-12-08T09:36:03.910Z,9,消防系人生重來比較快,25,M
dd316bd0-4d8a-49d9-a53c-04956ea7d764,234941747,2020-12-08T10:05:02.614Z,2020-12-08T10:14:10.200Z,10,,,
e646f917-b316-47ff-bd7b-3b26d413a6fb,234941747,2020-12-08T10:21:40.888Z,2020-12-08T10:28:44.898Z,11,"還沒考上的學弟們 這全部要歸咎于上層 ，兩個問題
一、可退休，無能力的狗官不退休，照常屍位素餐導致預算警官額度無法循環。（當然這又要歸責於另一個造成全國性對立的政策）
二、釋字760之亂
當警員們無法擁有其餘正常的升官途徑 而亂搞的上層將佐類 二技 研究所全數封鎖 那當所有的途徑都被堵住的時候 那就只剩下它們無法變動的「國考層面」三等特種考試 導致現況
我個人的看法：這時候上面那群人該做的是 減少受訓（入學）名額（無論正期、佐類、二技、研究所等等）並恢復被封鎖的原升官途徑 加強鼓勵基層利用佐類、二技、研究所升官途徑 
以上的方法 可以讓目前的在學生 可以正常考試任官 也能讓基層佐警都有額外的升官途徑",4,M
80f3ca54-99ba-4cfd-a100-8597a3f209e0,234941747,2020-12-08T10:27:36.490Z,2020-12-08T10:28:39.913Z,12,,,
d1eb5c97-580e-4c14-b25d-2b70043e7213,234941747,2020-12-08T10:45:33.940Z,2020-12-08T10:45:33.940Z,13,"這代表行政系真的沒開落榜生的名額耶
一種還沒報考就注定有人落榜的概念",0,M
62c9e6d1-91ab-47ae-97e0-9b95944a159e,234941747,2020-12-08T10:52:13.275Z,2020-12-08T10:52:13.275Z,14,老師上課說 行政系 二技也10幾個要考,0,M
7395bddd-9d4a-4c3d-84a5-c9d5a97c32c7,234941747,2020-12-08T10:53:17.637Z,2020-12-08T10:53:17.637Z,15,最慘的還是消防吧,0,M
cb586c0e-159a-4276-9595-d7f987eec016,234941747,2020-12-08T10:58:54.015Z,2020-12-08T10:58:54.015Z,16,聽二技學長說真的有10幾個要考耶⋯,0,M
b37bd1e4-7c51-41ef-ab9d-720200cce1a7,234941747,2020-12-08T11:02:48.277Z,2020-12-08T11:33:39.583Z,17,,,
67ec6c6b-db5d-4ee9-93db-b3cad72ee17b,234941747,2020-12-08T11:14:34.652Z,2020-12-08T11:14:34.652Z,18,"沒事啦
明年肯定落榜過半的",0,M
95fc6ebb-0ce5-4312-b4f3-d45e010f2b57,234941747,2020-12-08T11:21:33.050Z,2020-12-08T11:21:33.050Z,19,"通報 📢
好像有人對這篇文章有新想法唷，快來去看看！
  https://www.dcard.tw/f/cpu/p/234942686",1,D
cf2c520a-0666-45e5-b45c-f426c3b8bd31,234941747,2020-12-08T11:28:52.088Z,2020-12-12T15:16:02.411Z,20,,,
8335f53b-7c9a-4122-b44c-fc8b29d13760,234941747,2020-12-08T11:33:25.483Z,2020-12-08T11:33:25.483Z,21,B17 更應該擔心外面閒閒沒事一天讀7、8個小時的警員吧,1,M
f2477d0b-4767-4467-a599-9f7bb7b60a3b,234941747,2020-12-08T11:34:12.231Z,2020-12-08T11:34:12.231Z,22,"B18 
別，我真的需要這份工作，我不想多當一年無業遊民",0,M
eb83b090-530f-4e50-a914-aa695c5e7cba,234941747,2020-12-08T11:45:26.975Z,2020-12-08T11:45:26.975Z,23,"ㄏㄏ
到時候考試就可以看到消防83-86四代同堂了
說不定還有82",6,M
23ef26ec-d0ad-4590-90dc-5734cc1d5610,234941747,2020-12-08T12:04:49.016Z,2020-12-08T12:04:49.016Z,24,"爽 換大家來體驗消防系了
沒上就沒上 家裏缺錢嗎
反正我上了",5,M
ac04b772-6626-4c74-97df-8a60cafa2e11,234941747,2020-12-08T12:25:07.285Z,2020-12-08T12:25:07.285Z,25,其實就不要想太多，各憑本事,1,M
31f90407-0ab5-41ca-b374-4063ff855114,234941747,2020-12-08T12:26:02.654Z,2020-12-08T12:27:38.094Z,26,"推B2 雙軌只保護警專沒保護警大
已經畢業校友+1每年考四等內軌
讓社會重視這個問題⋯
然後警專仔真的不要一直轉我們的文章⋯很煩",13,M
3b9bfce5-a877-4761-a476-27391907f6ca,234941747,2020-12-08T15:00:42.460Z,2020-12-08T15:00:42.460Z,27,"怕考不過就考四等阿
對得起自己就好",5,F
8c78709e-9f5a-461e-a268-706384ac0065,234941747,2020-12-08T15:03:37.156Z,2020-12-08T15:03:37.156Z,28,"你現在該做的是刪掉低卡乖乖讀書
整天擔心這個 特考也不會考比較好",5,F
42e0caf5-df07-4427-9b38-7945764813c2,234941747,2020-12-08T15:11:40.855Z,2020-12-08T15:11:40.855Z,29,聽外面學長說二技真的有10幾個要考耶⋯,0,M
d6a99955-1573-4512-9591-228bac6b9082,234941747,2020-12-08T15:19:22.451Z,2020-12-08T15:19:22.451Z,30,為何警專不能轉傳文章？,4,M
9aa3c1aa-454e-4a7d-8c59-588d72603d7e,234941747,2020-12-08T15:19:52.853Z,2020-12-08T15:19:52.853Z,31,就真的這麼多人要考啊，啊又考不上，真的會考上的就保送生而已B29,3,M
a128f97c-4436-4ddb-ba13-e09f3f34d37d,234941747,2020-12-08T15:23:51.855Z,2020-12-08T15:23:51.855Z,32,B30 每篇轉煩不煩？,3,M
04b3e667-244f-4f8e-8a15-b29dea1373f9,234941747,2020-12-08T15:34:29.446Z,2020-12-08T15:34:29.446Z,33,"B31  
二技去年還有分發 
除了保送生以外根本沒人在看書吧
今年就不知道了哈哈
是說也沒差 還好我不是行政的",0,M
16c6380b-f8e0-47b5-8dfa-65c5b96756a7,234941747,2020-12-08T15:41:14.582Z,2020-12-08T15:41:14.582Z,34,"二技同學有些真的超認真
從二年級一開學每天都唸到半夜一點才睡
不上才有鬼",0,M
71bd898b-8178-47d2-8eef-a078fae51abd,234941747,2020-12-08T16:04:01.077Z,2020-12-09T02:13:13.894Z,35,,,
90eb8afb-0648-4708-b657-5b8ec22bbd38,234941747,2020-12-08T16:10:13.580Z,2020-12-08T16:10:13.580Z,36,"B35 講的真棒 難怪大正期 會掉這麼多
還是誤會什麼？",1,M
a21251fb-35ad-461a-8e1e-85d2585bddea,234941747,2020-12-08T16:20:22.445Z,2020-12-08T16:20:22.445Z,37,"沒事啦
我同學開學到現在沒回過家，都在學校唸書而已，有很拼嗎？",0,M
a238f4d3-f554-4236-8ce0-2c990482b77e,234941747,2020-12-08T17:18:12.487Z,2020-12-08T17:18:12.487Z,38,B35一起來看看吧,0,M
fcd9453b-c4a2-4b71-b31d-f08b37e29703,234941747,2020-12-08T22:15:27.262Z,2020-12-08T22:15:27.262Z,39,"要不要自己先想想明年只有43個缺的問題？二技有10幾個要考，真以為會1/2考上嗎？，3保送+2名額已經是最佳預估了。
B36",2,M
acc06dd5-2e22-4875-8e87-9bb7abef17fa,234941747,2020-12-09T00:33:05.664Z,2020-12-09T00:33:05.664Z,40,"B39 那位二技可能是忘了這學校還有研究所吧
還忘了三等內軌不是只有警大的學生才能考，外面的也一堆會考的
大家都別太樂觀，行政名額明年保證會更少",3,M
2684c7e6-4e53-48d6-b2bd-3f1373d7dfc2,234941747,2020-12-09T01:06:34.400Z,2020-12-09T01:08:46.214Z,41,"放心啦   二技學長沒在讓的喔

b22   b5",0,M
e923815b-58e7-4782-8d94-20ffc7e21970,234941747,2020-12-09T01:28:44.869Z,2020-12-09T01:28:44.869Z,42,"B39 
可憐 學長搶學弟名額 哭哭",0,M
4e047e84-75d5-4dd7-b5b7-7858c8fe1939,234941747,2020-12-09T01:33:15.319Z,2020-12-09T01:33:15.319Z,43,考四等去專單候缺才是王道啊各位85.86,5,M
697f9ec6-4e45-4694-95c2-26216cd0a392,234941747,2020-12-09T01:56:06.967Z,2020-12-09T01:56:06.967Z,44,B43 侯10年看看有沒有機會,1,M
6ac809a8-6032-4f4b-8d91-14aed2d2a5a4,234941747,2020-12-09T02:21:30.237Z,2020-12-09T02:21:30.237Z,45,"我們研究所去年就已經有很多人考上囉
同樣隸屬於學生總隊，但是沒有像正期二技一樣整天被「幹部教育」，也不用輪有的沒的勤務，有大量時間可以唸書好幸福喔🥰",6,M
a6408b66-3340-49b5-9621-178f32ae6c57,234941747,2020-12-09T02:28:58.333Z,2020-12-09T02:28:58.333Z,46,"研究所真的爽到爆 傻眼^_^
去專單候缺十年也爽啊 當巡官沒比較好，考人事班的薪水跟爽度都慘輸專單",5,M
2c65adee-d475-437c-98d6-d3bff65427dd,234941747,2020-12-09T02:45:40.873Z,2020-12-09T02:45:55.499Z,47,B39 分析正確,1,M
349485c5-9363-401a-88c8-448512e1c33c,234941747,2020-12-09T03:24:01.831Z,2020-12-09T03:24:01.831Z,48,"b45

那我們二技、研究所一起K掉正期仔吧～～

K他們一年  他們就待業一年",0,M
d7a120dc-47de-42c8-8414-a21298c6b617,234941747,2020-12-09T03:29:38.956Z,2020-12-09T03:29:38.956Z,49,B45 自費玩家免勤務的意思嗎？,1,M
ed11a64c-049b-4cba-b562-f7ac2069add1,234941747,2020-12-09T03:59:10.732Z,2020-12-09T03:59:10.732Z,50,一堆反串零分的大學部可以趕快去念書嗎,3,M
18029a76-1718-4d81-88af-f8f1d9721988,234941747,2020-12-09T05:03:51.915Z,2020-12-09T05:04:18.651Z,51,"b43   考四等你確定他們正期仔程度夠到專單嗎

ㄏ",0,M
e12d6b68-ed80-44d7-b719-cb03ae24af24,234941747,2020-12-09T06:02:31.590Z,2020-12-09T06:02:31.590Z,52,你們還是民眾啊,4,M
13b34da6-d71b-4576-a780-18d4be993e9b,234941747,2020-12-09T10:24:03.605Z,2020-12-09T10:24:03.605Z,53,"B28 
我覺得現在已經不是只要認真唸書就能解決的情況了",2,M
22c9606c-637d-457a-91ee-858ab6b25fe3,234941747,2020-12-09T13:42:41.176Z,2020-12-09T13:42:41.176Z,54,結構性問題,1,M
95050b7d-298d-4bd6-9e0d-a7bd8a488844,234941747,2020-12-09T14:14:21.911Z,2020-12-09T14:14:21.911Z,55,嚇尿，還好我考上了,1,M
8344e2b9-e854-4dd0-8e5e-5f48d2b6189e,234941747,2020-12-10T01:53:22.421Z,2020-12-10T01:53:22.421Z,56,"班上注定有一半落榜
請問這種公費契約合理嗎",3,M
4eabe6de-c7b3-4873-bfd4-3ae55d3cd49a,234941747,2020-12-10T01:55:49.031Z,2020-12-10T03:46:25.760Z,57,建議學校首先要做的是把三等跟四等的考試日期分開，不然日期撞期考三等就不能考四等，等同剝奪考試權,0,M
75ae46a3-019c-4980-bfbf-f2a2e5385bae,234941747,2020-12-10T01:57:27.794Z,2020-12-10T01:57:27.794Z,58,B57  同理應該比照以往，考四等的同學也可以直接同年考三等，增加當官機率。,4,M
5e5256c7-4309-4891-9b88-9a2de29b5024,234941747,2020-12-10T02:04:12.528Z,2020-12-10T02:04:12.528Z,59,"B56

開缺是正期畢業人數再加幾個名額而已餒

你這個墮落的理由不錯喔

我滿想要求恢復賠錢契約餒

不然你把我們擠掉啊⋯⋯民眾們",0,M
0baa5bce-be03-42aa-b4fa-9465bc6ff43c,234941747,2020-12-10T03:39:17.993Z,2020-12-10T03:47:30.318Z,60,"B58 當然，且比照高普考報考資格
三等只要符合大學學歷就可以考
四等高中畢業即可應考
這樣才合理",1,M
85115fb6-09d2-4316-b22f-189f7fc7a722,234941747,2020-12-10T03:43:33.601Z,2020-12-10T03:57:43.916Z,61,,,
142b8e9f-99b4-4706-8244-a29a938a077d,234941747,2020-12-10T03:50:16.040Z,2020-12-10T03:55:45.354Z,62,"B45 而且我們研究所還有一對一指導教授呢！
都在研究室裡，外人絕不會知道我們跟教授的約談跟討論內容喔， 嘻嘻
當然檢調也絕對不會查，也查不到的
加油吧 只能說你們要考特考好可憐喔",1,M
859733f5-0963-4cd3-85b2-b2a00761d1bb,234941747,2020-12-10T05:38:15.821Z,2020-12-10T05:38:15.821Z,63,學校的師資 算了吧哈哈哈B62,3,M
30aa0c3d-1b61-40f0-b779-b0c7e62d6d00,234941747,2020-12-10T05:43:12.977Z,2020-12-10T05:43:12.977Z,64,"B63 應該是反串的
不然根本在丟研中的臉
不得不說我們學歷大部分沒有很厲害...",1,M
739fcea7-6a57-4d64-8d45-7cbf42787c8b,234941747,2020-12-11T07:40:48.957Z,2020-12-11T07:40:48.957Z,65,B63 真的在丟研究中的臉,1,M
6f24cf15-74ec-4125-9023-93f4705417a4,234941747,2020-12-11T07:42:15.685Z,2020-12-11T07:42:15.685Z,66,"B63 不要這樣
我還要吹捧他們才能畢業啊啊",0,M
732a38b3-ae7a-42e5-a40d-541ab8861908,234941747,2020-12-11T11:19:18.077Z,2020-12-11T11:19:18.077Z,67,在學校四年跟我們說作弊會退學，卻在最後考特考教我作弊，矛盾學術龜大有名,4,M
5c5c472d-c287-4756-a65c-4bbab7776a47,234941747,2020-12-11T13:23:00.917Z,2020-12-11T13:23:00.917Z,68,破腦幹部教育,0,M
767352ce-b691-4b9b-bc92-87507dad2e1b,234941747,2020-12-11T18:26:36.165Z,2020-12-11T18:29:37.089Z,69,"應該要改成單軌
看看外軌跟佐類的考上的都是什麼學歷跟素質
你就會笑你自己當時怎麼智障到放棄一張好牌來讀這間貶低你的學校
甚至你的警大學歷還會被人事單位認為沒有專長，人事單位承認私立三流大學的專業科系不承認警大學士喔喔喔喔",1,M
947038d1-d5d4-4d06-b275-cd3ba0167a7f,234941747,2020-12-11T18:37:48.029Z,2020-12-11T19:00:47.443Z,70,"我實在看不懂這間學校在幹嘛
要扼殺多少年輕學子的人生
一進來開始借給你零用錢花
最後特考沒過就是償還本金
缺錢去銀行借就好了
不需要浪費你大學四年的青春跟人權去兌換一張大學文憑，你大學四年的時間在外面可能還賺的比較多發展性還很多，被關在監獄般的學校你什麼都不能做
看看現在特考錄取率內外軌差不了多少
隨便讀個外面大學甚至夜間部空大也行考上警察的機率還比較高
大一的行政消防系我看可以直接退學了 

再來就是警察這分工作的本質在台灣就是勞工，各個部門單位都把事情丟給警察去做，然後再處處檢討，長官奴性明顯高於其他部門，警察權益根本沒有人敢去爭取，警察的文化更是會要你吞下去，簡單而言就是免洗奴才，花了大半力氣在考這工作，以你們這種台清交的腦袋真的是浪費

實際工作會用到的知識能力就是0，在外勤只要四肢正常會走會跳會說話的正常人，稍微懂得看中文字能夠發音跟站立，就是一個大家都能做的工作，一堆長官把他複雜化而已，唉",8,M
5a37163a-6c87-46b9-8145-c724bb09c21a,234941747,2020-12-12T01:19:07.966Z,2020-12-12T01:19:07.966Z,71,"推 B70 中肯 
硬要念消防的學弟就是死不停損 ㄧ路凹到特考 然後發現考不上 考四等 走哪一步都被笑成智障 外面的人都只認為你們就是爛 台清交成講給自己安慰而已
貴校的師資你真的覺得可以幫你考上特考？
屏除不動腦的洩題被爆掉以外 現在還不是要重來 
不要到你無路可退的時候才在靠腰國家對不起你
82 83 84 幾個最後去四等 幾個沒考上
你們可以打聽一下 再想想一下 
我們這期掉2/5 大家可以參考一下",1,M
3ea5e2b7-fa27-4841-817d-66f780c0f853,234941747,2020-12-13T01:50:01.756Z,2020-12-13T01:50:01.756Z,72,"https://i.imgur.com/33EbN4z.jpg
有沒有考慮寫信給這她",0,M
7526be3c-ccb9-41f5-a995-6a749e6ed27f,234941747,2020-12-13T02:04:01.583Z,2020-12-13T02:04:01.583Z,73,B72  你在開玩笑嗎 她算了吧,2,M
6caf6583-0138-498c-9081-30928b947487,234941747,2020-12-13T07:53:07.245Z,2020-12-13T07:53:07.245Z,74,灌爆她信箱😡😡😡,1,M
a9c50e9f-a514-4f70-9152-31473e09f4e4,234941747,2020-12-14T05:00:56.935Z,2020-12-14T05:00:56.935Z,75,"B65 
一看就知道不是研中的啦，研中才沒有這種幼稚的可悲仔。",0,M
1c6630c5-19ba-4953-839f-088654d6b5a6,234939943,2020-12-08T02:51:56.046Z,2020-12-08T02:51:56.046Z,1,昔日的福利社阿姨至少當到偵查隊，比一堆留校的人厲害多了，那些曾經的系一學霸還不如合作社算領錢的用功🤣🤣🤣,27,M
6c914926-f6fa-46dc-bade-3a08c9c7827f,234939943,2020-12-08T04:19:51.435Z,2020-12-08T04:19:51.435Z,2,阿姨出事啦,1,M
d6eed047-517d-4f9e-ae51-6399cfa1cc0b,234939943,2020-12-08T04:54:49.481Z,2020-12-08T04:54:49.481Z,3,以前警大獨招 應該滿好考的,1,M
d7926ac0-f1ee-46a5-962a-a0f80a93c5a2,234939943,2020-12-08T07:01:14.519Z,2020-12-08T07:01:14.519Z,4,"B1 
留校的比較厲害好嗎
車子震動還是汽旅震動的那些當到多大了你知道嗎",0,M
a4c54db4-f95a-4afd-9024-c43ed923e756,234939943,2020-12-08T08:01:33.304Z,2020-12-08T08:01:33.304Z,5,B4 有掛嗎,0,M
e1ab2dba-a43c-446f-8823-be325e4ccf52,234939943,2020-12-08T08:44:02.058Z,2020-12-08T08:44:02.058Z,6,沒人跟你們說餐廳收碗的阿北三線一退休嗎？,36,M
4fc65d1a-69df-432e-ab2c-b7d6236fcd64,234939943,2020-12-08T08:52:48.352Z,2020-12-08T08:52:48.352Z,7,B6 認真？,1,M
e8acf06e-ce90-4711-b3a6-12dd2bd7ecf6,234939943,2020-12-08T08:52:57.457Z,2020-12-08T08:52:57.457Z,8,B6 他收盤子時那個手，槍繭很明顯，聽說以前是射擊隊的,7,M
b41596f2-8789-4b03-afe2-1301fff63dab,234939943,2020-12-08T08:54:10.686Z,2020-12-08T08:54:10.686Z,9,"B6 大家都知道==
理髮部那個阿姨也是刑事局退下來的啊",14,M
76a4df91-e658-4943-b05b-e3921c534d31,234939943,2020-12-08T08:59:43.037Z,2020-12-08T11:34:39.420Z,10,"B7 
學校裡真的看過那個大江浩浩的人應該只剩阿北了...",13,M
017423b3-f943-415a-8313-c85f2f6d2f42,234939943,2020-12-08T09:08:43.800Z,2020-12-08T09:08:43.800Z,11,"B9 洗衣部的兩個女的都是保一退下來的，這我確定
其中一個女的每天看到她，防彈衣都還穿在裡面，不習慣脫下來",28,M
562e6e37-be96-4ab4-bbb4-08cc8ea378e3,234939943,2020-12-08T09:10:03.275Z,2020-12-08T09:10:03.275Z,12,B10 他是警總退下來的，之前負責山上剿匪，現在負責抓餐具放錯地方的人,17,M
5ab21eab-fd3e-465e-af45-a751fbb9ed2b,234939943,2020-12-08T10:53:01.707Z,2020-12-08T10:53:01.707Z,13,前面幾樓到底是不是在虎爛啊,4,M
69cb3643-d372-4a19-83fc-efc307432ef3,234939943,2020-12-08T11:00:50.676Z,2020-12-08T11:00:50.676Z,14,B13 不是,1,M
aa354fc5-715c-495b-9e18-4a68daa8c262,234939943,2020-12-08T12:46:36.154Z,2020-12-08T12:46:36.154Z,15,燴飯區阿姨這個學期就沒看到他了，聽說調回去科偵隊了,15,M
d4a94d7d-4066-435f-8da7-db6bec564e00,234939943,2020-12-08T12:53:55.999Z,2020-12-08T12:53:55.999Z,16,B6 他是柔保生，聽說是張守中的教育班長,4,M
56a7c961-e895-4412-a37f-678070ee720c,234939943,2020-12-08T15:01:43.550Z,2020-12-08T15:01:43.550Z,17,合作射阿姨,0,M
d6584879-0559-46f1-8eee-23763fedf331,234939943,2020-12-08T15:15:00.348Z,2020-12-08T15:15:00.348Z,18,沒真西服那個是分局長退休，我以為大家都知道,1,M
abeb7402-f458-4d77-92f4-eada4257f6e7,234939943,2020-12-08T16:06:12.070Z,2020-12-08T16:06:12.070Z,19,快笑死 一度相信,9,M
51215ba4-a4db-4cb7-b30d-0d423e198976,234939943,2020-12-08T16:20:43.463Z,2020-12-08T16:20:43.463Z,20,"幹你老師
一群唬爛嘴
害我笑到高潮",14,M
9495f868-8c72-4e0e-b1ee-86d59089118d,234939943,2020-12-08T17:02:24.118Z,2020-12-08T17:02:24.118Z,21,B15 明明就回家帶孫子 上學期末跟老闆還有阿姨聊天聊到的,0,M
6f4b5903-ffa2-494d-b518-4545dee1bab8,234939943,2020-12-08T21:11:44.615Z,2020-12-08T21:11:44.615Z,22,這篇留言太神,1,M
35928808-4222-4649-815c-efdc43e4a237,234939943,2020-12-08T22:12:01.505Z,2020-12-08T22:12:01.505Z,23,B21 哈哈外行，帶孫子是行話，是隱喻處理風紀事件，她應該是有任務在身，不簡單,14,M
3aee5ae2-ccd9-4238-af6a-c7dc5533365c,234939943,2020-12-09T01:15:48.560Z,2020-12-09T01:15:48.560Z,24,B21 還太菜了,0,M
eb297b64-01ea-4461-b0c3-fb8842008908,234939943,2020-12-09T01:59:29.333Z,2020-12-09T01:59:29.333Z,25,我就不說歷年來作弊被退學的，都是去臥底竹聯幫四海幫了，這是從一清專案之後留下來的學校傳統，隊部會先物色特別適合混黑道的學生，找機會讓他演個作弊退學戲碼，就是要放長線釣大魚,26,M
0999f24f-7bf4-4b95-8c51-ab32a109cd2c,234939943,2020-12-09T02:22:35.244Z,2020-12-09T02:22:35.244Z,26,B25 靠北這不能公開講啦,4,M
823af3fb-6f33-4c2a-9c18-95e56bc99be9,234939943,2020-12-09T09:55:18.070Z,2020-12-09T09:55:18.070Z,27,"B26
https://i.imgur.com/lGOs2uB.jpg",0,M
44b7c150-6f8c-4a54-8406-4ff91af9fd3e,234939943,2020-12-09T13:07:32.368Z,2020-12-09T13:07:32.368Z,28,B25 檯面下的東西拿出來講，真的把無聊當有趣...,2,M
28fb5f5c-7962-4ff8-9466-ba1fe5052621,234939943,2020-12-09T13:10:41.942Z,2020-12-09T13:10:41.942Z,29,B28 警界李登輝，專門賣臥底，很糟糕,0,M
8e27b63b-ae24-4db3-a2be-139565c20e11,234939943,2020-12-11T06:40:49.263Z,2020-12-11T06:40:49.263Z,30,阿姨我不想...噢不是，隊長我不想努力了,0,M
4a238759-540d-4e9b-b6b1-5f758506f33b,234939644,2020-12-08T01:20:49.128Z,2020-12-08T01:20:49.128Z,1,「幼稚」真的可以少了，20歲人了,3,M
bbcb7b0c-b287-400f-813c-d9af15d1fbba,234939644,2020-12-08T01:23:24.024Z,2020-12-08T01:23:24.024Z,2,"聽說是通識課自己同學po的...
88,87都一樣，被隊部養到只會捅學捅學，真的是實用幹部教育，只有運動會動動嘴巴說什麼團結，團個芭樂...下一個就是89了塊陶
https://i.imgur.com/imLPDaP.jpg",11,M
041fae38-ca0e-4e23-9702-ef92ed35d47d,234939644,2020-12-08T01:27:39.586Z,2020-12-08T01:27:39.586Z,3,到底哪個眼睛看到學長了？？而且誰會知道你們通識課誰沒出席，八成是自己同學無聊當有趣ㄏㄏ,2,M
e458a3ca-f298-40c0-8bf3-7f82d5d95f92,234939644,2020-12-08T01:31:32.461Z,2020-12-08T01:31:32.461Z,4,B3 管你的 媽的晚上不睡覺查內務手電筒照來照去  就不要怪我們反感反撲 一切問題都是幹部們的問題 一切麻煩都是學長們的傑作,1,M
a323e4f5-f79d-4032-915c-195e9fb4069d,234939644,2020-12-08T01:36:21.477Z,2020-12-08T01:36:21.477Z,5,"B1 對啊，警大都是大男孩，外表粗曠運動愛健身，但是內心和大腦都退化到國小層次、幼稚園層次，常常被操弄、對立、帶風向~
這就是奴化幹部教育的後果，外面正常大學在培養獨立思考，我們在學權力的壓迫和反抗，學習最到位的就可以留校當區隊長~
這些人通常是系一、優秀的學生呦，所以這學校真的可憐，根本是在有系統性扼殺國家人才賢達~",6,M
a9eca4ea-be14-433d-9936-3d94751ebe8f,234939644,2020-12-08T01:37:20.994Z,2020-12-08T01:37:20.994Z,6,"添壽老師真的是很好的人…
至少不要欺負他
之前看到88學弟買老師的課本
老師體諒大一的學生15515可能還沒匯進戶頭先墊錢
學弟拖了超級久才還老師錢
從學期初欠到學期末
老師年紀那麼大了還要好聲好氣拜託大家下禮拜可以帶錢嗎
上通識課也可以上到心寒",71,F
c31a41f5-f63d-4ee7-b72e-0e5820298697,234939644,2020-12-08T01:40:22.681Z,2020-12-08T01:40:22.681Z,7,B6 學姊為什麼一直亂版啊,0,M
0c1b7b11-8aba-4259-8d0e-0911cb0e63de,234939644,2020-12-08T01:43:47.238Z,2020-12-08T01:44:15.935Z,8,好啦同學不要再自導自演...我剛剛看他超氣的，不要在弄他，不然我們外部受幹部壓迫，內部又互捅...,0,M
a9369120-f063-4eca-8778-7b427ad0083f,234939644,2020-12-08T01:44:32.297Z,2020-12-08T01:44:32.297Z,9,B6 真的,2,M
de97358f-aeb4-4751-ae50-3efcc53b86f2,234939644,2020-12-08T01:45:43.261Z,2020-12-08T01:45:43.261Z,10,881043 牙齦哥別再捅囉,6,M
a763f782-9f1d-4d6c-9ddc-2263d25fe9cd,234939644,2020-12-08T01:47:10.623Z,2020-12-08T01:47:10.623Z,11,"b7 啊就真的很誇張啊
希望學弟們對學校的瑰寶好一點",3,F
243dbe55-2313-4643-9524-42bedd9ee9d9,234939644,2020-12-08T01:57:54.592Z,2020-12-08T01:57:54.592Z,12,B10 噗原來是自家人🤣🤣🤣,1,M
06ab1087-9591-4b39-bf4b-1a59ea6897ce,234939644,2020-12-08T02:02:47.525Z,2020-12-08T02:02:47.525Z,13,難怪被實訓電，一切都合理了,2,M
4912b9ba-632c-401c-ae24-4c0eb4df2935,234939644,2020-12-08T02:08:32.084Z,2020-12-08T02:08:32.084Z,14,牙齦哥專搞自己系,4,M
a64fdceb-847e-42d4-9ff1-487ae2d812ec,234939644,2020-12-08T02:13:59.441Z,2020-12-08T02:13:59.441Z,15,B13 怎麼實訓以前當工具人，現在換養這麼多！,0,M
f62e59ae-6a06-43b6-9910-42d6c2216006,234939644,2020-12-08T02:15:26.661Z,2020-12-08T02:15:26.661Z,16,刪文吧，不管樓主是什麼期隊，都沒必要公審當事人吧！這樣讓大家看88笑話好嗎？自己好好想想,4,M
f3a6d485-aa4e-4bdb-9eba-6a308611cca7,234939644,2020-12-08T02:16:07.910Z,2020-12-08T02:16:07.910Z,17,"翹課被抓就被抓
擔不起就別翹啊
卒仔",2,M
255e1832-8b50-4200-aeda-66d1d3816d9f,234939644,2020-12-08T02:17:50.580Z,2020-12-08T08:30:26.547Z,18,,,
feeb7a94-d0f5-47e3-beee-e715adc53492,234939644,2020-12-08T02:20:42.770Z,2020-12-08T02:20:42.770Z,19,"B18 
所以要把翹課的一起提出來才甘願囉？",0,M
542f2708-06a5-40b3-ab35-8126740758be,234939644,2020-12-08T02:25:42.677Z,2020-12-08T02:25:42.677Z,20,B19 完蛋88隊部有得忙了，啊記得不要再叫外派幹部當壞人了，師長自己硬起來不行？？？,1,M
ee619614-65de-4764-9703-8e02a3ab1f65,234939644,2020-12-08T03:15:30.584Z,2020-12-08T03:15:30.584Z,21,"B18 所以不只一個人囉
完蛋 隊部看到這則留言要戒嚴了
笑死 自己雷自己",0,M
fe7d9515-70de-4ca0-aab2-f667f94c495c,234939644,2020-12-08T03:21:52.681Z,2020-12-08T03:21:52.681Z,22,B21 不是12/5早就戒嚴了嗎？,0,M
6eae3f8e-a482-4ea4-89f1-141e1628bb9e,234939644,2020-12-08T07:09:51.347Z,2020-12-08T07:09:51.347Z,23,B18 所以是在主張不法之平等？,2,M
74cd909d-4339-4a76-a14b-db650d3eebc2,234939644,2020-12-08T07:33:48.090Z,2020-12-08T07:33:48.090Z,24,師長隊素質正常發揮啦,0,M
de872fc7-9280-4c6f-a2e2-2346586ef8ca,234939644,2020-12-08T08:17:22.330Z,2020-12-08T13:37:01.225Z,25,,,
a5f0bf6e-c03c-4a18-9a45-a129aebbb929,234939644,2020-12-08T08:29:35.499Z,2020-12-08T08:29:35.499Z,26,B25 衝哥,0,M
b13f2df5-e449-45cb-b34c-b77f01422e20,234939644,2020-12-08T08:49:29.294Z,2020-12-08T08:49:29.294Z,27,"維基解密：蔡英文為李登輝墮過胎日前，維基解密網站披露，1995年6月，李登輝以「個人身份」訪問美國，在美國康奈爾大學演講時極力鼓吹台獨，遭到海內外強烈聲討。在李登輝四面楚歌之際，時任台灣「行政院公平交易委員會」委員的蔡英文雪中送炭，撰文《李總統訪問美國康奈爾大學時的兩岸分治演講客觀公正》，極力為李登輝的台獨言論辯護，備受李登輝賞識。李登輝視蔡英文為「私人秘書」，時不時地召蔡英文到其辦公室、酒店等各種場所。據維基解密網站統計，從1995年6月到1996年12月，僅一年半的時間，李登輝召蔡英文多達7次。
https://i.imgur.com/26yEco4.jpg

1996年8月，時年40歲的蔡英文「就醫」台灣嘉義基督教醫院，醫方記錄，蔡英文打胎，時年72歲高齡的李登輝前去探望。
https://i.imgur.com/UcOJIzI.jpg
1997年10月，蔡英文「就醫」台灣聖保祿醫院。醫方記錄，蔡英文再次打胎，時年73歲的李登輝再次前去探望。監控錄像顯示，蔡英文每次到醫院去「就醫」，始終都有「總統府」人員始終陪同、陪護、看望、探望。維基解密，蔡英文兩次「就醫」，其實都是為李登輝打胎。
https://i.imgur.com/fi5SSxM.jpg",2,M
1b7997c2-5c24-424c-91ee-013ee2738ac0,234939644,2020-12-08T10:37:14.064Z,2020-12-08T10:37:14.064Z,28,B25  我怎麼了嗎,0,M
3b3fae96-1ffb-4bd4-818e-bb133999cfe0,234939644,2020-12-09T10:06:03.824Z,2020-12-09T10:06:03.824Z,29,"B4 哇你這個邏輯大概是抽象畫老師教的吧
厲害到我不知道要說什麼
只能說你讀這間學校剛好而已",0,M
536b18cf-1855-4703-b09f-233ad4c24b09,234939644,2020-12-09T10:11:14.495Z,2020-12-09T10:11:14.495Z,30,"特考戰士路過：
88隊部真的要檢討一下",2,M
bf7efcb4-c1d0-4d98-b5e9-9ec8f85eb5a2,234939644,2020-12-09T10:50:05.273Z,2020-12-09T10:50:05.273Z,31,B28沒事 就覺得看人的臉不用像流氓一樣 相由心生,0,M
7e9d97e5-c3fd-4b89-a0cb-b364a6f755c1,234939644,2020-12-10T01:51:29.257Z,2020-12-10T04:08:37.849Z,32,"B5 真正的系一是不會留校的
留校的都是操行很高（很會捧）的那種",0,M
a1418ad7-7dec-4ccf-9fd0-0fbedf6489e0,234938176,2020-12-07T15:56:24.824Z,2020-12-07T15:56:24.824Z,1,"畢業後你就會知道學校的幹部是多蠢的制度了，回想起來自己都尷尬到起雞皮疙瘩
除非留校繼續耍智障，就不會有這種感覺了",44,M
72a18c00-75e9-4517-bc5a-8fd72d075edd,234938176,2020-12-07T15:58:55.578Z,2020-12-07T15:58:55.578Z,2,不爽不要讀大軍即將抵達戰場,0,M
3715cb63-fbc5-4062-b90b-c545f8069a4a,234938176,2020-12-07T16:01:56.944Z,2020-12-07T16:01:56.944Z,3,B2 額... 激鬥峽谷好玩很多 業配一下,0,M
4b6abbbc-cf52-4b9d-9974-5788a0d8b4ce,234938176,2020-12-07T16:02:07.085Z,2020-12-07T16:02:07.085Z,4,哪隊啦,0,M
218f232f-4e4f-4166-95f8-962805640870,234938176,2020-12-07T16:04:02.786Z,2020-12-07T16:04:02.786Z,5,"大家先想想自己領公費在學校
本來就有義務遵守規定遵守實習幹部的領導方式
說真的啦
沒人逼你讀
不爽不要讀啊",0,M
cbfca46f-79b1-448c-85ca-e7231de19fac,234938176,2020-12-07T16:10:44.590Z,2020-12-07T16:10:44.590Z,6,"還我恩慶😭
什麼人如其姓的可撥仔 怎麼不好好待在寢室尻尻就好 在那邊機掰",11,M
6b7789ab-98b5-45c0-957c-5a934d62af0b,234938176,2020-12-07T16:10:55.083Z,2020-12-07T16:10:55.083Z,7,B5 我當幹部絕對叫你去吃屎來看看,14,M
e393b2fa-8d91-4ba5-85e6-f342a18bca7b,234938176,2020-12-07T16:14:19.637Z,2020-12-07T16:14:19.637Z,8,"可能……
想把你們大一下爽爽過的補回來吧ㄏㄏ
疫情延後開學 沒始業沒早晚點名",3,M
4957ac99-8a97-4b6a-86b5-ad25c181d285,234938176,2020-12-07T16:22:07.944Z,2020-12-07T16:22:07.944Z,9,到底為甚麼還有人覺得查內務是實習幹部的主意啊  區隊長查跟實習幹部查的是獨立的 如果不是需要補足之前不足的次數 你以為實習幹部很喜歡沒事去你們寢室畫叉叉嗎,12,M
c533ffba-3cae-4165-aab2-5b0760d43011,234938176,2020-12-07T16:26:50.598Z,2020-12-07T16:26:50.598Z,10,B9 看起來是很喜歡啦,10,M
a75fd5b5-4652-4d56-830b-8d7594e263cc,234938176,2020-12-07T16:31:14.916Z,2020-12-07T16:31:14.916Z,11,B9 查內務不是實習幹部的主意，但實習幹部手上有裁量權，就像大家畢業是執法人員，很多不合理的規定，你可以選擇不用，不是嗎？,7,M
3326b6ff-5f54-4645-a93b-c05f40705dbc,234938176,2020-12-07T16:44:50.558Z,2020-12-07T16:44:50.558Z,12,拿到印章蓋蓋蓋真的蠻爽,0,M
ecebedc1-d94b-4b72-be7a-ac655fadad17,234938176,2020-12-07T20:29:18.090Z,2020-12-07T20:29:18.090Z,13,氣氛對了 氣氛對了 這就是大家要的,5,M
8c5817a6-fd07-442d-89b8-76786f09d11e,234938176,2020-12-07T22:52:49.945Z,2020-12-07T22:52:49.945Z,14,"B8爽你的頭
你是哪個期隊的 是那對在刑鑑火熱的
還是出國隱匿不報的？",4,M
32fb5f65-286b-444d-af78-a4edea224206,234938176,2020-12-07T22:53:53.861Z,2020-12-07T22:53:53.861Z,15,B14 笑死 有夠派,4,M
28c23d1d-01ac-49fb-920a-c45c6a48f568,234938176,2020-12-07T22:56:55.209Z,2020-12-07T22:56:55.209Z,16,B11 拜託二技隊職官看一下啦,1,M
dbac456f-1976-4889-8d70-a7a74e1cc5b7,234938176,2020-12-07T23:23:20.266Z,2020-12-07T23:23:20.266Z,17,"都晚上11點多了還來查內務
整間寢室的人都被你們弄醒 開心了沒",35,M
2fee2fc4-cbaf-4fb1-b8a5-1866f6ae87cc,234938176,2020-12-08T00:00:19.956Z,2020-12-08T00:00:19.956Z,18,傻眼，還拿手電筒在那邊亂照,7,M
af8c9947-8b35-4101-af1c-b77f346fd583,234938176,2020-12-08T00:04:40.872Z,2020-12-08T00:04:40.872Z,19,雷邱AAA,1,M
5ee99963-3720-44a7-bdc5-959e218e3fe8,234938176,2020-12-08T00:06:25.583Z,2020-12-08T00:06:25.583Z,20,B17 早知道就鎖門了  無聲系列都不無聲了,0,M
2039b208-9a4c-468b-904d-9d699b87948e,234938176,2020-12-08T00:10:17.084Z,2020-12-08T00:10:17.084Z,21,"小朋友才在那邊計較被查內務
拿過-3X後就隨意了
反正動手查、浪費時間的不是我  
幹部麻煩自便",14,M
19159bb3-9fc5-462e-8aca-80a0572268a8,234938176,2020-12-08T00:15:12.245Z,2020-12-08T00:15:12.245Z,22,"真的哈哈 口令爛的跟什麼一樣 還敢在那邊大聲 有種就樹立權威 實區做到現在只有一個是還OK的
第一週的有夠爛 這禮拜的也很爛 講個話一直在ㄜㄜㄜ 尾奇要不要管一下ㄚ",1,M
4e4bca4c-4ceb-4277-9c16-056e5ad90280,234938176,2020-12-08T00:15:48.196Z,2020-12-08T00:15:48.196Z,23,麻煩這篇87不要來亂開副本了，讓我們可以好好靠北行嗎,3,M
0cedbce5-51c6-40b6-a796-a1174ca63282,234938176,2020-12-08T00:17:17.812Z,2020-12-08T00:17:17.812Z,24,"這94搖鐘瘋ㄉ智仁勇？？
不要亂指使外派好嗎，人家也想睡覺",5,M
a52b4b4a-b3cd-4200-a185-fcf001e728a4,234938176,2020-12-08T00:41:58.829Z,2020-12-08T00:41:58.829Z,25,B22 不要欺負我系學長！,1,M
b433f68f-ecf7-4904-b27e-97d3830f7632,234938176,2020-12-08T00:42:30.433Z,2020-12-08T00:42:30.433Z,26,這就是為什麼警大學生沒辦法團結，背後操盤手就是這些隊部長官，以夷制夷，學生在這些人眼中才沒有期隊之分，只有好不好管、好不好操控之分，都是棋子啊各位~~,8,M
aa0466eb-355e-4d27-b214-a95b0154a103,234938176,2020-12-08T00:49:53.825Z,2020-12-08T00:49:53.825Z,27,可憐啊,1,M
fcccb194-05b4-4b84-b64d-abda7d50aecb,234938176,2020-12-08T00:57:30.739Z,2020-12-08T00:57:30.739Z,28,"隊部：借刀殺人
刀：....
人：刀幹嘛來碰我！刀可以不要殺我嗎！

唉，好好想想",5,M
ededcfbf-607f-469c-b603-ae1addf18435,234938176,2020-12-08T01:09:02.761Z,2020-12-08T01:09:02.761Z,29,搞錯人靠北了，請找你們的隊長訓導區隊長反映~,0,M
78871214-3384-4eb4-a3d0-ccbca6607b5f,234938176,2020-12-08T01:09:13.090Z,2020-12-08T01:09:13.090Z,30,B26 還好我是最難管的那種,0,M
fede99d5-ed1f-4ec1-a114-0083463cfcb1,234938176,2020-12-08T01:11:55.219Z,2020-12-08T01:11:55.219Z,31,有問題晚點名說 區隊長陪你慢慢講,0,M
f43a6d38-4339-4ce7-b6c8-31c1f6a849f8,234938176,2020-12-08T01:22:40.099Z,2020-12-08T01:22:40.099Z,32,所以到現在還有人不知道查內務都是隊部下令才查的？😳,1,M
dd2e3b47-a9cc-4da9-afbb-46e0cf2ba08b,234938176,2020-12-08T01:50:09.176Z,2020-12-08T01:50:09.176Z,33,"有沒有聽到啦！姚隊長！881訓導區隊長！你們同學在叫了啦！不要再叫幹部查內務了啦！
堅持內務查到底
忍耐同學牢騷
著實內務扣分
絕對不妥協
這就是88期服的四字真言？？",4,M
b739f689-16aa-41af-b246-2327e8eb484d,234938176,2020-12-08T01:53:05.517Z,2020-12-08T01:53:05.517Z,34,"B32 每個隊部的兩手策略啊正常正常
一手溫和當你的好朋友，有話好好説，有問題都可以反映，偶爾關心你的生活聊聊天說說笑話
一手查你的內務操行言行舉止，怕了弄髒自己的手還用一個幹部制度，可以分化學生們又不用讓自己被學生討厭
不說我還以為是黑社會ㄏㄏ",31,M
776b49c9-ac52-4689-9f9a-5e147b9d286e,234938176,2020-12-08T01:56:08.013Z,2020-12-08T01:56:08.013Z,35,B34 觀念正確，建議原po看看,0,M
715319a4-2b46-4ce8-a080-764dc8dfa142,234938176,2020-12-08T02:04:46.224Z,2020-12-08T02:04:46.224Z,36,B35 欸不是，這種現象我大一就看穿他們的把戲了，881不是都大二了？不是聽說很傲骨、很有想法？啊怎麼還看不透這個本質總是狗吠火車🤔🤔,3,M
435c7844-421d-4a7e-8b5b-190371275a00,234938176,2020-12-08T02:10:19.303Z,2020-12-08T02:10:19.303Z,37,B36 本質上就只是一群屁孩而已，再有想法是能多深入？,2,M
4758c923-9981-45da-93c7-50623926de18,234938176,2020-12-08T02:11:56.845Z,2020-12-08T02:11:56.845Z,38,B37 又要開始戰期隊囉,0,M
5f2ca23c-029b-4263-92e9-f7f48ec81180,234938176,2020-12-08T02:13:37.302Z,2020-12-08T02:13:37.302Z,39,"B38 常態
不然幹嘛分期隊？幹嘛運動會？就是要分化學生力量，乖乖當隊部的好狗狗啊",0,M
409466d2-2e64-49ba-a306-47554e645c5c,234938176,2020-12-08T02:26:03.868Z,2020-12-08T02:26:03.868Z,40,"B37 
我是不覺得我們整隊都屁孩啦",0,M
f2340019-8363-43ca-8fa1-87bf6a42d7c6,234938176,2020-12-08T02:34:57.799Z,2020-12-08T02:34:57.799Z,41,B40 對啦每隊都有幾個，不要搞對立🤣,0,M
b6063b15-c7e4-4b8d-942a-60230b1a342d,234938176,2020-12-08T03:03:01.513Z,2020-12-08T03:03:01.513Z,42,"學校的幹部教育，學到的技能和自身的榮譽感成反比。
認真講啦，要學出去工作怎麼領導，優先順序應該和你們想的不一樣，實務的領導工作養學習應該是：
社聯會≥自治幹部≥外派幹部≥總隊幹部
社聯會要領導同儕 以德服人 要做事情 帶活動 想專案 要懂帶人帶心 團結合作 承上啟下 最符合現實
自治幹部只是打掃活動管理同儕 其實平常都是一些事務性的開會 統計 根本稱不上領導
外派幹部也有一堆事務性開會，但是學到的領導技能完全用不到實務，除非你留校，不然你去外面工作罵罵看那些警員啊 做基數啊？外派幹部基本上只是隊部的棋子，做一些難看的事而已
總隊...都是事務性工作，很少和學生面對面接觸，很符合留校的準備，但是也不適合出去外面工作

不過看學校好像外派 總隊都特別有榮譽感，跩個二五八萬，其實就是中毒太深，這些人也只能在這種領域説嘴，出去就什麼都不是了，被那些頭銜牌子線線星星沖昏頭，但這些人很適合留校的，因為都是一樣的洗腦循環

啊教育班長我沒有排名進去，因為裡面學到的技能...呵呵",12,M
a88dc213-1fb5-4c15-967d-c325dbe6439d,234938176,2020-12-08T03:44:12.672Z,2020-12-08T03:44:12.672Z,43,"怎麼會有人覺得查內務查幾次會是實習幹部的權限？
通常是上面要求的好嗎
你以為幹部不想睡覺喔😴",3,M
aa30c9d2-cc4a-47e7-9dcf-d31d97ccca5e,234938176,2020-12-08T05:58:56.803Z,2020-12-08T05:58:56.803Z,44,"大家要發起不合作運動阿，內務大家一起爛，XX大家一樣多，每個都是最爛寢，有故意要提高操行成績的就處理他們，叫他們別不合群，要爛大家一起爛
https://i.imgur.com/o5JAYb6.jpg",3,M
22d30a78-3b53-41eb-b833-13191de553e0,234938176,2020-12-08T06:47:24.904Z,2020-12-08T06:47:24.904Z,45,"b44
你這樣中瘋會讓全隊起飛",0,M
32165d18-50b9-436b-850f-6fa01f5f982a,234938176,2020-12-08T06:58:54.558Z,2020-12-08T06:58:54.558Z,46,管教方式我沒有意見 不過幹部口令真的要加強,0,M
a5593658-c9a1-47f7-b19f-66dec50262e1,234938176,2020-12-08T08:04:03.017Z,2020-12-08T08:04:03.017Z,47,總算合作了，好的開始,0,M
6952f40f-6d97-4881-908e-bceedea01719,234938176,2020-12-08T08:10:51.350Z,2020-12-08T08:10:51.350Z,48,B6 尻尻？毀謗？🤔🤔,0,M
d666dd24-694a-477e-824b-fa6940aecc35,234938176,2020-12-08T09:15:50.736Z,2020-12-08T09:15:50.736Z,49,B42 上一屆最跩就那個什麼龍啊,0,M
32ddf670-fbe9-4195-ba51-78577daa114c,234938176,2020-12-08T09:47:44.275Z,2020-12-08T09:47:44.275Z,50,別起爭議 剛剛警衛室有個妹子 可以去看看保養眼睛 降降火,2,M
08bd42bc-0cec-4299-9942-1f09f1af1c4e,234938176,2020-12-08T10:16:40.830Z,2020-12-08T10:16:40.830Z,51,B50 別打我老婆的主意,0,M
9222977d-a93d-4dac-851a-cbe842721eb6,234938176,2020-12-08T10:44:54.603Z,2020-12-08T10:44:54.603Z,52,"拉麵不加麵就瘦？
我拉麵不加麵不加湯不加叉燒，豈不是更瘦",0,M
a2694d66-13da-4683-bb4f-1a2b046efd55,234938176,2020-12-08T10:46:14.312Z,2020-12-08T10:46:14.312Z,53,B51 別幻想了,0,M
743a3e31-2aab-40d2-bec5-57727d0dc08e,234938176,2020-12-08T11:56:54.978Z,2020-12-08T11:56:54.978Z,54,還我慶神大帝,4,M
99d087af-6c14-4e74-b931-7af64f83242d,234938176,2020-12-08T11:57:18.626Z,2020-12-08T11:57:18.626Z,55,還我慶神大帝,4,M
23cf4789-5286-4b49-a33c-caf49ca39258,234938176,2020-12-08T11:57:26.986Z,2020-12-08T11:57:26.986Z,56,還我慶神大帝,4,M
ec0e4057-988c-42ec-8221-f10c9d69b30a,234938176,2020-12-08T11:57:28.563Z,2020-12-08T11:57:28.563Z,57,還我慶神大帝,4,M
0b400af8-905c-422c-8062-5e59d77147fb,234938176,2020-12-08T11:57:42.394Z,2020-12-08T11:57:42.394Z,58,還我慶神大帝,4,M
0b648c48-0fac-4727-a53b-1560228cf2bf,234938176,2020-12-08T11:57:48.493Z,2020-12-08T11:58:07.332Z,59,,,
5ef3806f-7ace-4950-8eb1-8762fda0e6cd,234938176,2020-12-08T11:58:19.193Z,2020-12-08T11:58:19.193Z,60,還我慶神大帝,4,M
4e34faaa-a4d1-4418-a3b8-03284060c629,234938176,2020-12-08T12:14:36.052Z,2020-12-08T12:14:36.052Z,61,還我慶神大帝,4,M
a8dde971-4a8a-4b9d-82c8-b1fccd0f9e8a,234938176,2020-12-08T12:38:19.977Z,2020-12-08T12:38:19.977Z,62,還我慶神大帝,3,M
4c26d357-20c1-4ed0-aca0-c561d573e5c5,234938176,2020-12-08T13:31:55.122Z,2020-12-08T13:31:55.122Z,63,還我慶神大帝,3,M
612edead-4588-4f04-947b-8220e0823eb3,234938176,2020-12-08T14:32:18.419Z,2020-12-08T14:32:18.419Z,64,B63 別這樣，這樣他們一起吃家聚很尷尬的,0,M
13236271-f1d6-48db-a41b-3c495eef5187,234938176,2020-12-08T14:33:00.204Z,2020-12-08T14:33:00.204Z,65,"所謂自律

https://i.imgur.com/WTUn8Hz.jpg",3,M
ea2c9699-41dd-4190-8f0c-6707a37bcde1,234938176,2020-12-08T14:34:34.448Z,2020-12-08T14:34:34.448Z,66,B63 慶神雷魔本同家,0,M
3356a2a1-eb04-4b3f-9e72-0510c8e133c1,234938176,2020-12-08T14:36:13.687Z,2020-12-08T14:36:13.687Z,67,https://i.imgur.com/8uEreLG.jpg,6,M
aa676a54-0187-4399-8b98-7031b6ddca7b,234938176,2020-12-08T22:42:30.458Z,2020-12-08T22:42:30.458Z,68,B22 我自己覺得班長很多也很烙賽啦 看禮拜二那個我真的滿頭問號 喊口令小聲就算了 自己還沒立正站好就開始指揮  ㄒㄙ,0,M
f1e22e34-b9b1-4303-88fb-552eb230a968,234938176,2020-12-08T23:05:22.203Z,2020-12-08T23:05:22.203Z,69,B68 班長也很爛啊 在想什麼,1,M
f07550c0-a23c-435b-817d-284411811be5,234938176,2020-12-09T00:19:26.263Z,2020-12-09T00:19:26.263Z,70,B28 無懈可擊,0,M
cf58822c-f304-4e9e-8791-9aaadc68f47e,234938176,2020-12-09T06:22:08.455Z,2020-12-09T06:22:08.455Z,71,B42 淺,0,M
78b3fbbc-86f9-4c49-b460-b4d7c32834d8,234938176,2020-12-10T04:03:31.503Z,2020-12-10T04:03:43.698Z,72,"天啊！我看了什麼
怎麼會在乎內務呢！
一定是菜",0,M
d0a9aaac-1ac1-43e5-9a12-31651320c487,234935241,2020-12-07T07:30:51.863Z,2020-12-07T07:30:51.863Z,1,宜蘭,4,M
0bc26a94-5948-4fbe-8ea5-3577dc78e244,234935241,2020-12-07T07:32:20.287Z,2020-12-07T07:32:20.287Z,2,black pink,3,M
17d2ad39-e7ca-4c1e-ab3b-b5d1d86e0de9,234935241,2020-12-07T07:34:11.900Z,2020-12-07T07:34:11.900Z,3,B2 how you like that,3,M
bb79f9e5-8320-4865-8554-1200e9971fbd,234935241,2020-12-07T07:34:13.335Z,2020-12-07T07:34:13.335Z,4,龜山,0,M
4efff60a-eeb6-4421-af29-67247bebc60d,234935241,2020-12-07T07:34:53.793Z,2020-12-07T07:34:53.793Z,5,B4 島,1,M
4cbfb80d-fd58-4c6e-b4a1-637fdd4c753b,234935241,2020-12-07T07:49:45.295Z,2020-12-07T07:49:45.295Z,6,圖書館,0,M
4db7b9ff-aed4-4e1c-a60b-ecf98ae24b9d,234935241,2020-12-07T07:53:03.342Z,2020-12-07T08:19:15.339Z,7,,,
a15a1814-d8ff-4e89-bf73-030d11b94a59,234935241,2020-12-07T07:53:55.193Z,2020-12-07T07:53:55.193Z,8,宜蘭啦幹,0,M
ca92b3e1-6617-47e7-87f2-add11dbfd9e8,234935241,2020-12-07T07:54:25.771Z,2020-12-07T07:54:25.771Z,9,B2 閉嘴啦銳利伊斯屁葛,0,M
0402a700-ca25-45bf-a524-89bd3473cd3e,234935241,2020-12-07T07:55:00.472Z,2020-12-07T07:55:50.459Z,10,,,
9c2a5102-fda7-4f8a-94c2-b5f496bf356a,234935241,2020-12-07T07:57:31.932Z,2020-12-07T07:57:31.932Z,11,...,0,M
217f5320-6a76-4d3a-9fa5-7de7e89f9b56,234935241,2020-12-07T07:58:28.663Z,2020-12-07T07:58:28.663Z,12,"厲害欸我們系代直接難產
更別提什麼班遊啦",0,M
0994f293-3ceb-42c8-ba0c-9b959b336543,234935241,2020-12-07T10:12:51.688Z,2020-12-07T10:12:51.688Z,13,B12 你們系代是女生啊,1,M
a506c47c-2a74-4c56-b133-8477e7d853a8,234935241,2020-12-07T10:40:27.134Z,2020-12-07T10:40:27.134Z,14,寢室游書海,1,M
64127462-a73f-4286-8dfd-934b3695d951,234935241,2020-12-07T11:34:11.097Z,2020-12-07T11:34:38.316Z,15,,,
daa8d6d3-4194-4e50-bf86-3ce8bbe1e89a,234935241,2020-12-07T13:11:26.162Z,2020-12-07T13:11:26.162Z,16,去...他媽的,0,M
7c16f70c-72df-4616-989e-111fd935eccd,234935241,2020-12-07T14:52:21.020Z,2020-12-07T14:52:21.020Z,17,宜蘭啦,0,M
4332e60a-7a18-4032-a3e9-877df7d5be95,234935241,2020-12-10T04:01:17.598Z,2020-12-10T04:01:27.228Z,18,"系遊的時候默默的弄掉一個同學
特考上榜機率就提升了呢！",0,M
